SECURITY_CODE,SECURITY_NAME_ABBR,NOTICE_DATE,REPORTDATE,FORECASTL,FORECASTT,INCREASEL,INCREASET,FORECASTCONTENT,CHANGEREASONDSCRPT,FORECASTTYPE,YEAREARLIER,TRADE_MARKET,TRADE_MARKET_CODE,SECURITY_TYPE,SECURITY_TYPE_CODE,PUBLISHNAME,ORG_CODE,INCREASEJZ,FORECASTJZ,FORECASTQK,ISLATEST
300808,久量股份,2019-11-11 00:00:00,2019-09-30 00:00:00,69676900,69676900,6.6,6.6,"预计2019年1-9月归属于上市公司股东的净利润6,967.69万元,与上年同期相比增长6.60%",,略增,65360135.7,深交所创业板,069001002002,A股,058001001,电子元件,10947276,6.6,69676900,increase,T
688138,清溢光电,2019-10-31 00:00:00,2019-09-30 00:00:00,53000000,56000000,19.65,26.43,"预计2019年1-9月归属于上市公司股东的净利润5,300.00万元-5,600.00万元,与上年同期相比增长19.65%-26.43%",,略增,44294700,上交所科创板,069001001006,A股,058001001,专用设备,10499272,23.04,54500000,increase,T
002089,ST新海,2019-10-31 00:00:00,2019-09-30 00:00:00,-550736800,-550736800,-613.42,-613.42,"预计2019年1-9月归属于上市公司股东的净利润亏损:55,073.68万元。","2019年10月24日,公司收到参股公司陕西通家汽车股份有限公司(以下简称“陕西通家”)的书面通知,陕西通家进入停产阶段。陕西通家停产预计将对公司2019年度财务报表中对陕西通家的投资收益、以及公司对陕西通家的长期股权投资产生负面影响,此外,停产预计将导致陕西通家还款能力下降,公司对陕西通家及下属公司的其他应收款收回风险相应提高。基于谨慎性原则,公司对陕西通家及下属公司相关的其他应收款及对陕西通家的长期股权投资计提了资产减值。",首亏,107267600,深交所风险警示板,069001002005,A股,058001001,通讯行业,10097113,-613.42,-550736800,reduction,T
688357,建龙微纳,2019-10-29 00:00:00,2019-09-30 00:00:00,68000000,70000000,88,94,"预计2019年1-9月归属于上市公司股东的净利润盈利:6,800.00万元-7,000.00万元,同比增长88.00%-94.00%。","随着发行人产能释放,发行人2019年1-9月营业收入继续稳步增长;随着高毛利额的JLOX-100等产品销售增加,部分主要原材料采购价格下降,以及2018年两次股权融资后的财务费用下降,发行人2019年1-9月归属于母公司股东的净利润和扣除非经常性损益归属于母公司股东的净利润继续保持快速增长,发行人的盈利能力进一步增强。",预增,36119300,上交所科创板,069001001006,A股,058001001,化工行业,10463825,91,69000000,increase,T
601658,邮储银行,2019-10-29 00:00:00,2019-09-30 00:00:00,51683000000,52617000000,16.62,18.72,"预计2019年1-9月归属于上市公司股东的净利润:5,168,300万元至5,261,700万元,相比上年同期增长16.62%至18.72%",,略增,46710000000,上交所主板,069001001001,A股,058001001,银行,10092840,17.67,52150000000,increase,T
300803,指南针,2019-10-29 00:00:00,2019-09-30 00:00:00,106000000,130000000,5.06,28.85,"预计2019年1-9月归属于上市公司股东的净利润:10,600万元至13,000万元,相比上年同期增5.06%至28.85%",,略增,100683642,深交所创业板,069001002002,A股,058001001,软件服务,10099809,16.955,118000000,increase,T
688268,华特气体,2019-10-28 00:00:00,2019-09-30 00:00:00,58000000,61000000,28.89,35.56,"预计2019年1-9月归属于上市公司股东的净利润盈利:约5,800万元-6,100万元,同比增长28.89%-35.56%。",,略增,44045363.21,上交所科创板,069001001006,A股,058001001,化工行业,10586317,32.225,59500000,increase,T
688186,广大特材,2019-10-28 00:00:00,2019-09-30 00:00:00,95000000,95000000,-4.38,-4.38,"预计2019年1-9月归属于上市公司股东的净利润盈利:约9,500万元,同比下降约4.38%。","公司2019年1-9月归属于母公司股东净利润小幅下降,主要系随着公司特殊合金系列产品的研发项目不断推进,研发费用金额较高同比增加超过500万元;同时,公司使用外汇远期合约进行风险管理,由于汇率波动的不确定性,2019年1-9月实现的投资收益、公允价值变动收益合计下降超500万元所致。除此之外,公司2019年1-9月计入当期损益的政府补助金额较高,使得扣非后净利润较去年同期有所下降。公司2019年1-9月生产经营状况良好,除去上述主营业务之外的其他费用科目变化,公司在主要原材料价格涨幅较高的情况下,主营业务实现毛利金额基本保持稳定,加之公司特殊合金等重点发展产品不断放量,盈利能力良好。",略减,100000000,上交所科创板,069001001006,A股,058001001,金属制品,10654782,-4.38,95000000,reduction,T
688080,映翰通,2019-10-28 00:00:00,2019-09-30 00:00:00,35180000,36680000,31.17,36.77,"预计2019年1-9月归属于上市公司股东的净利润盈利:3,518万元-3,668万元,同比增长31.17%-36.77%。","2019年1-9月,公司经营情况良好,公司预计实现的营业收入、净利润、归属于母公司股东的净利润及扣除非经常性损益后的归属于母公司股东的净利润较2018年同期均有所增长。上述2019年1-9月业绩情况系发行人初步预计数据,未经会计师审计或审阅,不构成公司的盈利预测或业绩承诺。上述2018年1-9月数据亦未经会计师审计或审阅。公司财务报告审计截止日至本招股说明书签署日,主要经营状况正常,经营业绩稳定,在经营模式、主要原材料的采购价格、主要产品的生产销售规模及销售价格,主要客户及供应商的构成,税收政策等方面未发生重大变化,亦未发生其他可能影响投资者判断的重大事项。",略增,26819200,上交所科创板,069001001006,A股,058001001,专用设备,10378531,33.97,35930000,increase,T
300802,矩子科技,2019-10-28 00:00:00,2019-09-30 00:00:00,65000000,68000000,-9.82,-5.66,"预计2019年1-9月归属于上市公司股东的净利润:6,500万元至6,800万元,较上年同期下降约5.66%至9.82%","上述预测经营业绩较上年同期相比略有下降,主要是由于中美贸易摩擦导致公司部分下游客户尤其是外资客户暂时缩减采购规模或暂时处于观望状态,对公司经营业绩存在一定的短期不利影响,但公司通过大力开发国内大中型新增客户,同时持续推出技术水平更高、市场前景广阔、更有竞争力的新产品等措施,以尽量减少中美贸易摩擦对公司业绩的短期影响。",略减,71851663.26,深交所创业板,069001002002,A股,058001001,专用设备,10516126,-7.74,66500000,reduction,T
002968,新大正,2019-10-28 00:00:00,2019-09-30 00:00:00,75000000,80000000,21.18,29.26,"预计2019年1-9月归属于上市公司股东的净利润7,500.00万元至8,000.00万元,同比增长21.18%至29.26%",,略增,61891400,深交所中小板,069001002003,A股,058001001,房地产,10586543,25.22,77500000,increase,T
688233,神工股份,2019-10-27 00:00:00,2019-09-30 00:00:00,76000000,76000000,7.85,7.85,"预计2019年1-9月归属于上市公司股东的净利润盈利:约7,600万元,同比增长约7.85%。","营业收入下降的同时净利润上升的主要因为2018年3月因股份支付事项计提管理费用3,423.00万元,剔除股份支付影响后,公司预计2018年1-9月实现的净利润为9,956.46万元,2019年1-9月净利润同比下降约23.67%。上述2019年1-9月财务数据为公司初步测算结果,未经审计机构审计,不代表公司最终可实现收入和净利润,亦不构成公司盈利预测。",略增,62678734.49,上交所科创板,069001001006,A股,058001001,材料行业,10000016117,7.85,76000000,increase,T
688030,山石网科,2019-10-25 00:00:00,2019-09-30 00:00:00,19000000,22000000,143.03,149.82,"预计2019年1-9月归属于上市公司股东的净利润盈利:1,900万元-2,200万元,同比增长143.03%-149.82%。","(一)公司第三季度软件产品即征即退款,实际于2019年9月30日前收到计入其他收益,由于软件退税时间具有不确定性,之前的业绩预计按照谨慎性原则未考虑此项。(二)2019年第三季度,公司收到苏州高新区管委会发放的上市奖励人民币600万元,计入其他收益。以上两项主要原因使得实际净利润高于前期预计净利润。",扭亏,-44157300,上交所科创板,069001001006,A股,058001001,软件服务,10000015539,146.425,20500000,increase,T
601020,华钰矿业,2019-10-25 00:00:00,2019-09-30 00:00:00,74000000,80000000,-60.68,-57.49,"预计2019年1-9月归属于上市公司股东的净利润盈利:7,400万元至8,000万元,同比上年下降:57.49%至60.68%。","(一)主营业务方面的影响:一是2019年1-9月,虽然银价有所抬升,公司主要产品是铅锑精矿(含银)、锌精矿,其中铅、锑、锌金属价格较去年同期有较大幅度下降;二是本期期初存货较去年同期减少;三是公司第一季度生产周期短,导致前三季度生产量降低。(二)非经营性损益方面的影响:2019年1-9月公司收到收益相关的财政扶持款1,638.41万元。(三)其他影响:公司不存在其他对业绩预减构成重大影响的因素。",预减,188202100,上交所主板,069001001001,A股,058001001,有色金属,10427745,-59.085,77000000,reduction,T
002581,未名医药,2019-10-24 00:00:00,2019-09-30 00:00:00,41921400,56717200,232.9,350.39,"预计2019年1-9月归属于上市公司股东的净利润盈利:4,192.14万元至5,671.72万元,同比上年增长:232.9%至350.39%。","日前,公司收到参股公司北京科兴三季度财务报表,致使公司业绩变动达到业绩预告披露要求,导致业绩预告延迟。",预增,12592900,深交所中小板,069001002003,A股,058001001,医药制造,10155060,291.645,49319300,increase,T
688111,金山办公,2019-10-23 00:00:00,2019-09-30 00:00:00,185499700,219561600,-11.53,4.72,"预计2019年1-9月归属于上市公司股东的净利润盈利:18,549.97万元-21,956.16万元,同比上年变动-11.53%至4.72%","预计2019年1-9月,公司整体经营情况良好,营业收入保持稳步增长,公司出于未来业务发展的需要,提升了研发人员规模,增加了IDC/CDN服务采购,致使研发费用及IDC/CDN成本有所提升,对2019年1-9月净利润增速造成一定影响。公司经营模式、主要产品或服务、主要客户及供应商构成以及其他可能影响投资者判断的方面均未发生重大不利变化。上述2019年1-9月财务数据为公司初步测算数据,未经会计师审计或审阅,且不构成盈利预测。",续盈,209669600,上交所科创板,069001001006,A股,058001001,软件服务,10676326,-3.405,202530650,unknown,T
688051,佳华科技,2019-10-22 00:00:00,2019-09-30 00:00:00,28630000,35350000,104.89,152.94,"预计2019年1-9月归属于上市公司股东的净利润盈利:2,863万元-3,535万元,同比增长104.89%-152.94%。","2019年1-9月,收入、净利润均出现显著增长,主要是公司智慧环保和智慧城市业务收入增长较快;净利润增长幅度高于营业收入增长的原因是上述业务毛利率较平均毛利率高,且在总体收入中的比重增长迅速,因此导致净利润增长明显。",预增,13970000,上交所科创板,069001001006,A股,058001001,软件服务,10000016120,128.915,31990000,increase,T
300800,力合科技,2019-10-22 00:00:00,2019-09-30 00:00:00,165000000,180000000,8.94,18.84,"预计2019年1-9月归属于上市公司股东的净利润16,500.00万元至18,000.00万元,与上年同期相比增长8.94%至18.84%",,略增,151460298.43,深交所创业板,069001002002,A股,058001001,仪器仪表,10191806,13.89,172500000,increase,T
300775,三角防务,2019-10-22 00:00:00,2019-09-30 00:00:00,120000000,140000000,16.05,35.39,"预计2019年1-9月归属于上市公司股东的净利润盈利:12,000万元至14,000万元,同比上年增长:16.05%至35.39%。","1、公司通过严格成本费用控制、有效实施精益化管理,内部经营管理的不断提升、优势产能的不断释放,持续保持盈利能力。2、随着市场需求增加,公司发挥自有锻造设备及技术研发的优势,盈利能力稳步提升。",略增,103407600,深交所创业板,069001002002,A股,058001001,航天航空,10500065,25.72,130000000,increase,T
300564,筑博设计,2019-10-22 00:00:00,2019-09-30 00:00:00,97046100,97046100,19.76,19.76,"预计2019年1-9月归属于上市公司股东的净利润9,704.61万元,与上年同期相比增长19.76%","2019年1-9月净利润增长高于营业收入增长的主要原因为,一方面,公司当期收入增长的同时,成本费用与去年同期基本持平,另一方面,2019年1-9月收到的政府补助等非经常性损益增幅较大。",略增,81036090.72,深交所创业板,069001002002,A股,058001001,工程建设,10401468,19.76,97046100,increase,T
688181,八亿时空,2019-10-21 00:00:00,2019-09-30 00:00:00,85431400,85431400,-19.03,-19.03,"预计2019年1-9月归属于上市公司股东的净利润盈利:约8,543.14万元,同比下降约19.03%。","受宏观经济形势和面板行业下行周期的影响,公司产品的平均销售价格呈现下降趋势。目前,公司在京东方等主要客户中的地位未发生变化,且公司始终致力于开拓行业地位突出、竞争实力显著的其他大型面板厂商等潜在客户,如华星光电、中电熊猫和瀚宇彩晶等;同时,公司也在不断研发推出新的盈利增长点和加大成本控制力度,不断保持和提升盈利能力,目前不存在业绩大幅下滑的风险。但因产品认证过程尚需一定的周期,倘若未来产品价格继续出现大幅下跌的情况以及其他潜在面板客户开发进程出现变故,公司不排除出现未来业绩大幅下滑的风险。",略减,102414543.26,上交所科创板,069001001006,A股,058001001,材料行业,10376700,-19.03,85431400,reduction,T
603887,城地股份,2019-10-21 00:00:00,2019-09-30 00:00:00,249549500,249549500,251,251,"预计2019年1-9月归属于上市公司股东的净利润盈利:24,954.95万元左右,同比上年增长:251%左右。","1、公司资产重组完成合并财务报表后,对业绩增长造成了重大影响。2、公司主营业务发展稳健。",预增,70953200,上交所主板,069001001001,A股,058001001,工程建设,10362297,251,249549500,increase,T
300801,泰和科技,2019-10-21 00:00:00,2019-09-30 00:00:00,131700000,143000000,-3.89,4.36,"预计2019年1-9月归属于上市公司股东的净利润: 13,170.00万元至14,300.00万元,与上年同期相比-3.89%至4.36%",,续盈,137024541.98,深交所创业板,069001002002,A股,058001001,化工行业,10500729,0.235,137350000,unknown,T
601628,中国人寿,2019-10-19 00:00:00,2019-09-30 00:00:00,55633000000,59607000000,180,200,"预计2019年1-9月归属于上市公司股东的净利润盈利:5,563,300万元至5,960,700万元,同比上年增长:180%至200%。","本公司2019年前三季度业绩增长的主要原因是:(一)投资收益的影响。本公司不断深化投资管理体系市场化改革力度,加强资产负债管理,把握市场节奏,持续积累长期固定收益类资产,优化投资品种结构。2019年前三季度固定收益类资产投资收益持续增长,公开市场权益类资产投资收益大幅增长。(二)非经常性损益的影响。2019年5月29日,中国财政部、国家税务总局下发《关于保险企业手续费及佣金支出税前扣除政策的公告》,明确2018年度企业所得税汇算清缴按照该公告执行。因执行该政策,本公司2018年度应交企业所得税减少约人民币51.54亿元,相应减少本报告期所得税费用。",预增,19869000000,上交所主板,069001001001,A股,058001001,保险,10009950,190,57620000000,increase,T
600726,华电能源,2019-10-19 00:00:00,2019-09-30 00:00:00,-210000000,-210000000,59.87,59.87,"预计2019年1-9月归属于上市公司股东的净利润亏损:21,000万元。","一)预亏原因由于煤炭价格持续在高位运行,且供应紧张,始终给公司带来巨大的成本上涨压力,特别是今年三季度以来,受雨季、煤炭主供应商设备检修等因素影响,长协合同煤兑现不足,公司被迫采购价格较高的市场煤补充供应缺口,导致燃料成本进一步升高。(二)同比变动影响因素分析本报告期业绩同比减亏主要由于发电量同比升高、电力市场扣减深调辅助服务费同比减少及参股公司盈利所致。",减亏,-523300000,上交所主板,069001001001,A股,058001001,电力行业,10004036,59.87,-210000000,unknown,T
600505,西昌电力,2019-10-19 00:00:00,2019-09-30 00:00:00,42170000,42170000,-11.98,-11.98,"预计2019年1-9月归属于上市公司股东的净利润盈利:4,217万元,同比上年下降:11.98%。","业绩预告期间,公司经营业绩同比下降,主要是受上半年凉山州境内持续干旱影响,公司自发电量和并网县、小水电站上网电量同比大幅下降,带动外购大网电量同比增加,导致外购电成本同比增加,同时建安业务收入同比下降,影响了公司当期经营业绩。",略减,47910000,上交所主板,069001001001,A股,058001001,电力行业,10002592,-11.98,42170000,reduction,T
600689,上海三毛,2019-10-18 00:00:00,2019-09-30 00:00:00,12438100,12438100,422.37,422.37,"预计2019年1-9月归属于上市公司股东的净利润盈利:1,243.81万元,同比上年增长:422.37%。","(一)主营业务影响:报告期内,公司主营业务中的安防服务、园区物业租赁等业务保持相对稳定;管理费用等支出得到有效控制;同时,因受外部贸易环境影响,进出口贸易收入下降,自营业务成本上升,发生经营性亏损约365万元。(二)非经常性损益的影响:本期公司非经常性损益约为1732万元,主要为:1、转让控股子公司上海茂发物业管理有限公司90%股权,取得净收益约1100万元;2、持有交易性金融资产产生的公允价值变动损益及资金理财收益约578万元。非经常性损益的同比增加是当期业绩增加的主要原因。",预增,2381100,上交所主板,069001001001,A股,058001001,纺织服装,10003999,422.37,12438100,increase,T
600496,精工钢构,2019-10-18 00:00:00,2019-09-30 00:00:00,272000000,345000000,85,135,"预计2019年1-9月归属于上市公司股东的净利润盈利:27,200万元至34,500万元,同比上年增长:85%至135%。","1、公司的业务承接持续向好,对2019年前三季度产生积极影响。2018年全年承接业务额122.7亿元,再次突破百亿;2019年前三季度业务承接金额112.24亿元,较去年同期增长18.90%。2、报告期,公司不断提高订单质量、加强项目运作水平,绿色集成业务、EPC项目的利润也逐步体现,共同推动毛利率水平提升。",预增,146855900,上交所主板,069001001001,A股,058001001,水泥建材,10002586,110,308500000,increase,T
688288,鸿泉物联,2019-10-17 00:00:00,2019-09-30 00:00:00,47000000,49000000,18.64,23.69,"预计2019年1-9月归属于上市公司股东的净利润:4,700.00万元至4,900.00万元,与上年同期相比增长18.64%至23.69%","2019年1-9月,公司智能增强驾驶系统成功向东风汽车、三一重工实现批量销售,并已签署框架合同开发适用于日本技术标准的网联终端、签署委托开发合同开发适用于北美市场UTV全地形越野车的人机交互终端;应用车型上已拓展至中轻卡、工程机械车、水泥搅拌车,预计将进一步拓展车型覆盖范围;高级辅助驾驶系统已在广州、上海、惠州等城市实现覆盖销售,正在杭州、雄安、张家口、重庆等城市进行推广。",略增,41169517.7,上交所科创板,069001001006,A股,058001001,专用设备,10930324,21.165,48000000,increase,T
688023,安恒信息,2019-10-17 00:00:00,2019-09-30 00:00:00,-45138800,-40839900,15.83,23.85,"预计2019年1-9月归属于上市公司股东的净利润:-4,513.88万元至-4,083.99万元,与上年同期相比亏损减少15.83%至23.85%",,减亏,-54337236.11,上交所科创板,069001001006,A股,058001001,电子信息,10000015511,19.84,-42989350,unknown,T
300793,佳禾智能,2019-10-17 00:00:00,2019-09-30 00:00:00,97234300,97234300,23.38,23.38,"预计2019年1-9月归属于上市公司股东的净利润盈利:9,723.43万元,同比增加23.38%。","根据截至本上市公告书签署之日的实际经营情况,发行人预计2019年1-9月营业收入162,864.70万元,同比增长58.89%,主要是因为公司新增部分客户,且存量客户的市场需求不断增加,导致公司营业收入实现快速增长;预计归属于母公司所有者的净利润9,723.43万元,同比增长23.38%,主要是因为随着公司业务规模的扩大,管理效率提升,规模优势凸显;预计扣除非经常性损益后归属于母公司所有者的净利润为10,383.55万元,同比增长46.35%,主要是因为公司开展了部分远期外汇锁定业务,以降低外汇波动风险,导致非经常性损益为负,公司扣除非经常性损益后归属于母公司所有者的净利润有所增加。",略增,78805717.65,深交所创业板,069001002002,A股,058001001,电子元件,10945565,23.38,97234300,increase,T
688396,华润微,2019-10-16 00:00:00,2019-09-30 00:00:00,264349400,274349400,-41.41,-39.2,"预计2019年1-9月归属于上市公司股东的净利润盈利:26,434.94万元-27,434.94万元,同比下降39.20%-41.41%。",,略减,,上交所科创板,069001001006,A股,058001001,电子元件,10008990,-40.305,269349400,reduction,T
603906,龙蟠科技,2019-10-16 00:00:00,2019-09-30 00:00:00,91893600,97462900,65,75,"预计2019年1-9月归属于上市公司股东的净利润盈利:9,189.36万元至9,746.29万元,同比上年增长:65%至75%。","(一)主营业务影响1.报告期内,受国家环保的管控要求,对于柴油车尾气治理的监管越发严格,公司车用尿素溶液产品收入增长;2.公司主要原材料价格较同期有不同程度的下降,致使整体产品毛利率相比去年同期有所提升。(二)非经营性损益的影响非经常性损益对公司业绩预增没有重大影响。(三)会计处理的影响公司于2018年7月收购江苏瑞利丰新能源有限公司(以下简称“瑞利丰”)70%的股权,瑞利丰于2018年8月1日开始纳入公司合并报表范围内,公司2018年一至三季度并入瑞利丰净利润277.57万元,2019年一至三季度并入瑞利丰净利润为1,268.97万元,较上期增长435.65%。",预增,55693100,上交所主板,069001001001,A股,058001001,化工行业,10462665,70,94678250,increase,T
603378,亚士创能,2019-10-16 00:00:00,2019-09-30 00:00:00,79763100,79763100,53.91,53.91,"预计2019年1-9月归属于上市公司股东的净利润盈利:7,976.31万元,同比上年增长:53.91%。","报告期内,公司预计归属于上市公司股东的净利润较上年同期实现较大幅度增加,主要原因是:1、公司主营业务收入同比增长幅度较大。2、与同期相比,毛利率相对较高的涂料业务收入在公司营业收入中的占比有所提高、材料采购价格总体有所下降,从而综合毛利率水平有所提高。3、公司非经常性损益主要为政府补助款及理财收益,扣除所得税影响后的非经常性损益金额较上年同期增加567.12万元左右。",预增,51824300,上交所主板,069001001001,A股,058001001,化工行业,10448050,53.91,79763100,increase,T
603330,上海天洋,2019-10-16 00:00:00,2019-09-30 00:00:00,15000000,17000000,-52,-46,"预计2019年1-9月归属于上市公司股东的净利润盈利:1,500万元至1,700万元,同比上年下降:46%至52%。","(一)上半年产能搬迁对经营造成一定影响。公司热熔胶胶粉、胶粒产能于2019年起搬迁到南通,受设备磨合调试等因素影响,导致上半年产能暂时无法满足客户订单需求,上半年热熔胶胶粉、胶粒的销售量比上年同期减少438.58吨。目前,经过半年多的设备磨合调试等努力,搬迁到南通的热熔胶产能已进入稳定阶段,2019年7-9月份胶粉胶粒的销量和销售收入同比分别增长30.8%和27.8%,公司自2019年三季度起已经逐渐克服了产能搬迁对经营造成的影响,胶粉、胶粒生产经营恢复正常。2019年1-9月份,公司胶粉粒、EVA封装膜、网膜、热熔墙布、反应型胶黏剂的销售收入分别实现6.91%、27.48%、3.73%、60.42%、37.41%的增长,但受到上半年产能搬迁的影响,导致2019年前三季度扣除非经常性损益后归属于上市公司股东的净利润预计为1970万元到2170万元,同比去年同期仍下降约28%-21%。(二)产能搬迁过程中设备报废造成的非经常性损益的影响。公司自2019年6月开始对全资子公司昆山天洋热熔胶有限公司(以下简称“昆山天洋”)胶粉胶粒设备进行拆除,至2019年9月底止已拆除设备的报废净损失为788.8万元。该非流动资产处置损失已列入营业外支出,对公司2019年前三季度利润造成一定影响,公司2019年前三季度归属于上市公司股东的净利润预计为1500万元到1700万元,同比下降约52%-46%。(三)公司持续加大新业务的销售投入并相应调整新业务经营模式的影响。公司近年来,除传统的各类环保胶黏剂产品外,一直在加大培育新的业务增长点,其中热熔墙布是一个重要的发展方向。2019年1-9月份热熔墙布销售数量为77.8万平方米左右,比上年同期增长107.8%。为了应对业务的快速增长,公司前期在销售人员以及展会活动等领域的持续投入导致销售费用比上年同期增加约500万左右。公司自2019年6月份开始结合市场的变化积极调整经营策略,减少直营网点,重点扶持核心经销商加盟,2019年1-9月份经销商加盟的销售收入同比增长131%,直营销售收入同比降低约5%左右。由于经销商渠道的毛利率较直营销售渠道的毛利率低约31.3%,因此销售结构的变化也导致热熔墙布毛利率下降10.4%左右。但经销商的销售费用的投入将大大低于直营的销售费用投入。未来随着公司经营策略的优化到位,核心经销商的数量不断增加、销售的大幅增长,销售费用的费效比持续提升,热熔墙布未来的盈利状况将会得到有效提升。(四)南通基地投产后,部分期间费用增加带来一定影响。今年公司全资子公司南通天洋新材料有限公司(以下简称“南通天洋”)在建工程完工,项目贷款利息停止资本化,贷款利息计入当期损益,导致2019年1-9月期间财务费用比上年同期增加约300万元。同时因南通天洋投产运营,昆山天洋原有生产人员劳动关系移到南通天洋,支付给员工的离职补偿比上年同期增加约130万元。",预减,31401750.38,上交所主板,069001001001,A股,058001001,塑胶制品,10429674,-49,16000000,reduction,T
601012,隆基股份,2019-10-16 00:00:00,2019-09-30 00:00:00,3402000000,3502000000,101,107,"预计2019年1-9月归属于上市公司股东的净利润盈利:340,200万元至350,200万元,同比上年增长:101%至107%。","报告期内,一方面在海外市场需求快速增长的拉动下,公司主要产品单晶硅片和组件销量同比大幅增长,组件产品海外销售占比快速提升,销售区域进一步扩大,海外收入同比增长明显,另一方面受益于技术工艺水平提升,公司生产成本持续下降。",预增,1691000000,上交所主板,069001001001,A股,058001001,材料行业,10152075,104,3452000000,increase,T
600984,建设机械,2019-10-16 00:00:00,2019-09-30 00:00:00,382488100,382488100,228.35,228.35,"预计2019年1-9月归属于上市公司股东的净利润盈利:38,248.81万元左右,同比上年增长:228.35%左右。","2019年建筑机械租赁市场处于平稳上升态势,公司顺应国家政策推动建筑产业化转型和装配式建筑的发展趋势,通过增加大中型塔机数量降低小型塔机比重,利用海外市场消化存量设备等方式,继续优化调整设备结构占比,抢占结构性新增市场份额。2019年1-9月租赁设备采购额较上年同期增长约74%。同时,租赁价格较去年同期有所上升,使得建筑机械租赁收入较上年同期增长约50%左右。",预增,116488100,上交所主板,069001001001,A股,058001001,机械行业,10007250,228.35,382488100,increase,T
600794,保税科技,2019-10-16 00:00:00,2019-09-30 00:00:00,179000000,179000000,514.08,514.08,"预计2019年1-9月归属于上市公司股东的净利润盈利:17,900万元,同比上年增长:514.08%。","(一)主营业务影响1、子公司长江国际本期接货量、仓储量、交割量均较去年同期有所增加,同时由于新拓展了智慧物流服务平台交割服务收入,长江国际本期营业收入较去年同期大幅增长导致本期实现的净利润较去年同期大幅增加。2、子公司保税贸易依托公司平台、技术及客户资源优势,主动调整业务结构,围绕公司南北联动整体经营目标开展业务,不仅提升了子公司扬州公司罐容利用率,同时通过期现结合经营业务模式,降低了经营风险,经营业绩较去年同期大幅增加。3、子公司外服公司努力拓展业务量,营业收入较去年同期增长导致本期实现的净利润较去年同期增加。4、公司积极优化债务结构,降低付息债务总额,提升资金运作水平,利息支出较去年同期降低,资金管理产生的效益较去年同期增加。5、去年四季度,公司将原持有的联营企业交易中心股权转让给其他联营企业后,公司不再直接持有交易中心股权,交易中心亏损对公司主营业务产生的利润影响较去年同期大幅下降。(二)非经常性损益影响公司预计2019年前三季度非经常性损益为700.00万元左右,去年同期为1,678.27万元,主要是去年同期子公司扬州公司依据诉讼案件(于荣祥案)的终审判决及裁定结果转回预计负债1,810.02万元所致。",预增,29149200,上交所主板,069001001001,A股,058001001,交运物流,10634812,514.08,179000000,increase,T
600521,华海药业,2019-10-16 00:00:00,2019-09-30 00:00:00,500000000,550000000,96,115,"预计2019年1-9月归属于上市公司股东的净利润盈利:50,000万元至55,000万元,同比上年增长约:96%至115%。","公司本期业绩预增的主要原因是:1)受缬沙坦杂质事件影响,去年1-9月计提了部分缬沙坦杂质事件可能对公司造成的损失;2)本期因部分产品售价提升、技术服务收入增加等因素影响公司利润增加。",预增,255379900,上交所主板,069001001001,A股,058001001,医药制造,10005857,105.5,525000000,increase,T
600466,蓝光发展,2019-10-16 00:00:00,2019-09-30 00:00:00,2158000300,2158000300,77,77,"预计2019年1-9月归属于上市公司股东的净利润盈利:约215,800.03万元,同比上年增长:约77%。","一)主营业务影响公司主营业务为房地产开发与经营。公司2019年1-9月业绩增加的主要原因系公司经营规模的逐年扩大,使得公司房地产项目在报告期的结转收入增加;同时公司为提升房地产主业的核心竞争力,已实现了全国化的战略布局、多元化的投资模式和产品改善升级,规模效应逐步显现。(二)非经营性损益的影响非经常性损益对公司本期业绩预增无重大影响。(三)会计处理的影响公司本期合并报表范围变化等会计处理对于公司本期业绩预增无重大影响。(四)其他影响公司不存在其他对业绩预增构成重大影响的因素。",预增,1219600300,上交所主板,069001001001,A股,058001001,房地产,10002582,77,2158000300,increase,T
600418,江淮汽车,2019-10-16 00:00:00,2019-09-30 00:00:00,124000000,124000000,159,159,"预计2019年1-9月归属于上市公司股东的净利润盈利:12,400万元左右,同比上年增长:约159%。","(一)主营业务影响1、报告期内公司主动进行产品结构调整,严格加强成本费用管控,从而提升主营业务盈利能力,主营业务毛利增加约78,000万元。2、报告期内受合营企业业绩增长影响,公司投资收益增加约7,700万元。(二)非经常性损益影响1、报告期内影响损益的政府补助约4.63亿元,较上年同期减少约5.65亿元。",预增,47827300,上交所主板,069001001001,A股,058001001,汽车行业,10002574,159,124000000,increase,T
002749,国光股份,2019-10-16 00:00:00,2019-09-30 00:00:00,176391900,194031100,0,10,"预计2019年1-9月归属于上市公司股东的净利润盈利:17,639.19万元至19,403.11万元,同比上年增长:0%至10%。","报告期内,公司在上游原材料供应紧张、价格上涨的情况下,继续强化和坚持植调剂、调控技术、调控套餐的“三调”定位,认真贯彻落实技术营销、会议营销方针,强化作物调控套餐推广,加快新产品上市。预计归属于上市公司股东的净利润较去年同期增长。",略增,176391900,深交所中小板,069001002003,A股,058001001,农药兽药,10186979,5,185211500,increase,T
002673,西部证券,2019-10-16 00:00:00,2019-09-30 00:00:00,522444300,522444300,51.88,51.88,"预计2019年1-9月归属于上市公司股东的净利润盈利:52,244.43万元,同比上年增长:51.88%。","2019年前三季度,国内证券市场回暖,公司紧紧围绕战略经营目标,把握市场机遇,积极推进各项业务发展。本报告期公司自营业务、证券经纪业务及投资银行业务收入较上年同期均实现增长,净利润较上年同期大幅增长。",预增,343988300,深交所中小板,069001002003,A股,058001001,券商信托,10004880,51.88,522444300,increase,T
002554,惠博普,2019-10-16 00:00:00,2019-09-30 00:00:00,43527400,52232900,50,80,"预计2019年1-9月归属于上市公司股东的净利润盈利:4,352.74万元至5,223.29万元,同比上年增长:50%至80%。","2019年前三季度,公司整体经营状况良好,海外各大项目按计划确认收入,主营业务利润稳定增长。由于公司持有安东油田服务集团(3337.HK)的股票市值在2019第三季度下降幅度较大,对2019年前三季度业绩造成了一定不利影响。",预增,29018300,深交所中小板,069001002003,A股,058001001,石油行业,10148036,65,47880150,increase,T
002512,达华智能,2019-10-16 00:00:00,2019-09-30 00:00:00,280000000,320000000,169.55,179.48,"预计2019年1-9月归属于上市公司股东的净利润盈利:28,000万元-32,000万元。","1、根据新金融工具准则,公司对所持上市公司新媒股份的股权按新金融工具准则核算,作为“以公允价值计量且其变动计入损益的金融资产”。截至报告期末,根据《证券投资资金投资流通受限股票估值指引》,按其估值模型确认公允价值并计入当期损益且影响较大;2、但另一方面公司资金状况仍未得到基本改善,公司融资规模依然较大,财务费用较高,对公司利润影响较大;3、同时由于受贸易战持续影响,及国内外市场经济疲软,公司业务增长乏力,订单不足,收入减少;资金紧张影响市场拓展及竞标项目开展,因此公司前三个季度业绩也受到不同程度的影响。",扭亏,-402608300,深交所中小板,069001002003,A股,058001001,电子元件,10144721,174.515,300000000,increase,T
000039,中集集团,2019-10-16 00:00:00,2019-09-30 00:00:00,480000000,720000000,-79,-69,"预计2019年1-9月归属于上市公司股东的净利润盈利:48,000万元至72,000万元,同比上年下降:69%至79%。","根据现有资料,中国国际海运集装箱(集团)股份有限公司(以下简称“本公司”,与其附属公司合称“本集团”)2019年1-9月的合并经营业绩较去年同期预计将出现大幅下降的主要原因包括以下方面:1、为配合胶州市产业新区建设发展计划,本集团青岛基地于2018年三季度取得土地收储及拆迁补偿,产生的税后利润人民币10.5亿元,使得去年同期对比基数较高。2、2019年前三季度,本集团集装箱销量及营业收入较去年同期均出现下滑。",预减,2317046000,深交所主板,069001002001,A股,058001001,金属制品,10004123,-74,600000000,reduction,T
603613,国联股份,2019-10-15 00:00:00,2019-09-30 00:00:00,95300000,99300000,55.63,62.16,"预计2019年1-9月归属于上市公司股东的净利润盈利:9,530万元至9,930万元,同比上年增长:55.63%至62.16%。","公司业绩增长的主要原因是营业收入增长所致。本期预计营业收入400,000.00万元至420,000.00万元,同比增加70.97%至79.52%。",预增,61236500,上交所主板,069001001001,A股,058001001,电子信息,10431020,58.895,97300000,increase,T
603258,电魂网络,2019-10-15 00:00:00,2019-09-30 00:00:00,136839200,145839200,54.03,64.16,"预计2019年1-9月归属于上市公司股东的净利润盈利:13,683.92万元至14,583.92万元,同比上年增长:54.03%至64.16%。","(一)主营业务影响。1.报告期内,公司改变了运营策略,优化了运营方案,使公司端游产品《梦三国》营业收入同比有所增加。2.报告期内,《梦三国手游》复刻版全渠道上线运营,新增了营业收入。3.报告期内,公司收购的厦门游动网络科技有限公司纳入公司合并报表范围,新增了营业收入。(二)非经常性损益的影响。报告期内,公司所投资的基金运营情况较好,使得公允价值变动收益增加,以公允价值计量且其变动计入当期损益的金融资产的公允价值变动收益预计309.00万元。",预增,88839200,上交所主板,069001001001,A股,058001001,软件服务,10399928,59.095,141339200,increase,T
601916,浙商银行,2019-10-15 00:00:00,2019-09-30 00:00:00,10500000000,11600000000,6,18,"预计2019年1-9月归属于上市公司股东的净利润:1050000万元至1160000万元,与上年同期相比增长6%至18%","根据本行总体战略定位,2019年以来本行持续推动战略发展,进一步增强服务实体经济能力,强化资产负债配置和风险管理,加快产品创新,提高全面精细化管理水平,各项业务平稳有序发展,盈利能力持续稳步提升。",略增,9858136000,上交所主板,069001001001,A股,058001001,银行,10053837,12,11050000000,increase,T
601677,明泰铝业,2019-10-15 00:00:00,2019-09-30 00:00:00,700000000,700000000,78,78,"预计2019年1-9月归属于上市公司股东的净利润盈利:约70,000万元,同比上年增长:约78%。","(一)主营业务影响:近年来,公司致力于转型升级,重点布局进军交通运输用铝、汽车轻量化用铝、新能源锂电池用铝、航空航天及军工等高端用铝领域。报告期内,随着公司高附加值项目的进一步达产及放量,公司产销量延续了增长势头,销售收入的稳步提高,推动公司业绩持续增长,使本报告期归属于上市公司股东的净利润同比提升。(二)非经营性损益的影响:公司于2019年1月份出售子公司郑州明泰新建办公楼,报告期内公司收到5.335亿元回款,增加本期净利润约1.90亿元;政府补助、理财收益等增加利润约0.86亿元。",预增,394000000,上交所主板,069001001001,A股,058001001,有色金属,10061804,78,700000000,increase,T
601015,陕西黑猫,2019-10-15 00:00:00,2019-09-30 00:00:00,12000000,17000000,-93.96,-91.5,"预计2019年1-9月归属于上市公司股东的净利润盈利:1,200万元至1,700万元,同比上年下降:91.5%至93.96%。","(一)主营业务影响。2019年前三季度与去年同期相比,主要化工产品受大检修影响,甲醇、LNG等的产销量降低,单位成本上升,公司净利润出现下降。同时主要化工产品销售价格与去年同期相比有所下降,销售收入降低,净利润出现下降。截至7月底,公司甲醇生产线已检修完毕,恢复正式生产,效益水平有所提高。(二)费用影响子公司新丰科技、黑猫化工、黑猫能源建设项目去年年末已转固定资产,本年尚未正式投产,试生产阶段,相关生产线效益水平较低,已计提折旧,费用增加,导致净利润下降。",预减,203280300,上交所主板,069001001001,A股,058001001,煤炭采选,10085688,-92.73,14500000,reduction,T
600683,京投发展,2019-10-15 00:00:00,2019-09-30 00:00:00,-24720000,-24720000,-130.6,-130.6,"预计2019年1-9月归属于上市公司股东的净利润亏损:2,472万元左右。","2019年1-9月公司实现签约销售额47.45亿元,实现销售回款41.87亿元,上述销售额基本为住宅销售,截止2019年9月底公司上述销售回款大部分未满足结转销售收入条件。公司上年同期非经常性损益影响:宁波市供销社区块旧城区改建项目需要,公司位于大庆北路564弄的房屋建筑物、构筑物等被列入政府征收范围,公司收到拆迁补偿款,实现非流动资产处置损益,使得公司利润总额增加6,215万元。",首亏,80778600,上交所主板,069001001001,A股,058001001,房地产,10003993,-130.6,-24720000,reduction,T
600449,宁夏建材,2019-10-15 00:00:00,2019-09-30 00:00:00,608000000,608000000,75,75,"预计2019年1-9月归属于上市公司股东的净利润盈利:60,800万元,同比上年增长:75%。","(一)公司主要产品销量增加,收入同比上升;(二)公司持续加强内部管理,成本费用得到有效控制,产品成本费用下降;(三)自2019年1月1日起执行新金融工具准则,公司本期持有宁夏银行股份有限公司股份公允价值变动收益增加;(四)公司本期收到用于“特困企业”职工分流安置等财政补助资金。",预增,347897100,上交所主板,069001001001,A股,058001001,水泥建材,10007153,75,608000000,increase,T
600312,平高电气,2019-10-15 00:00:00,2019-09-30 00:00:00,117930000,117930000,5156,5156,"预计2019年1-9月归属于上市公司股东的净利润盈利:11,793万元,同比上年增长:5156%。","2019年三季度,公司重点项目陆续实现收入,公司本期营业收入及归属于上市公司股东的净利润同比增幅较大。",预增,2243500,上交所主板,069001001001,A股,058001001,输配电气,10002506,5156,117930000,increase,T
600070,浙江富润,2019-10-15 00:00:00,2019-09-30 00:00:00,360000000,360000000,150,150,"预计2019年1-9月归属于上市公司股东的净利润盈利:36,000万元左右,同比上年增长:150%左右。","公司自2019年1月1日起执行财政部新修订的《企业会计准则第22号――金融工具确认和计量》新金融工具准则,公司持有上峰水泥股票公允价值变动收益增加,影响当期归属于上市公司股东的净利润17600万元。2、报告期内,公司主营业务保持稳定增长。",预增,141980000,上交所主板,069001001001,A股,058001001,电子信息,10002294,150,360000000,increase,T
300799,左江科技,2019-10-15 00:00:00,2019-09-30 00:00:00,20470000,23500000,35,55,"预计2019年1-9月归属于上市公司股东的净利润:2,047万元至2350万元,与上年同期相比增长:35%至55%","公司经营情况良好,产业政策、税收政策、行业市场环境、主要原材料的采购、主要产品的生成和销售、主要客户和供应商、公司经营模式未发生重大变化。",预增,15159525.96,深交所创业板,069001002002,A股,058001001,电子信息,10637459,45,21985000,increase,T
300792,壹网壹创,2019-10-15 00:00:00,2019-09-30 00:00:00,93067000,96789700,25,30,"预计2019年1-9月归属于上市公司股东的净利润盈利:9,306.7万元至9,678.97万元,同比上年增长:25%至30%。","1、报告期内,公司业务发展良好,利润同比增长。2、报告期内,非经常性损益对公司净利润的影响金额约为40万元。",略增,74453600,深交所创业板,069001002002,A股,058001001,文化传媒,10529082,27.5,94928350,increase,T
300788,中信出版,2019-10-15 00:00:00,2019-09-30 00:00:00,174000000,177000000,20.57,22.64,"预计2019年1-9月归属于上市公司股东的净利润盈利:17,400万元至17,700万元,同比上年增长:20.57%至22.64%。","1、2019年前三季度,图书出版与发行业务作为公司的核心业务板块继续保持稳步增长,在经管、学术文化等传统领域继续保持领先优势,少儿图书板块保持快速增长。书店业务实现主营收入同比增长40%以上,净利润减亏明显。2、预计本报告期非经常性损益对公司净利润的影响约为950万元。",略增,144319000,深交所创业板,069001002002,A股,058001001,文化传媒,10043476,21.605,175500000,increase,T
300783,三只松鼠,2019-10-15 00:00:00,2019-09-30 00:00:00,291176600,296992600,8.72,10.89,"预计2019年1-9月归属于上市公司股东的净利润盈利:29,117.66万元至29,699.26万元,同比上年增长:8.72%至10.89%。","1、公司预计2019年前三季度经营业绩较去年同比增长,主要为今年整体业务规模实现稳步增长;2、公司预计2019年第三季度经营业绩较去年同比减少,主要为今年较去年同期政府补助减少4,403.53万元。",略增,267818000,深交所创业板,069001002002,A股,058001001,食品饮料,10398873,9.805,294084600,increase,T
300781,因赛集团,2019-10-15 00:00:00,2019-09-30 00:00:00,32000000,34000000,-26,-22,"预计2019年1-9月归属于上市公司股东的净利润盈利:3,200万元至3,400万元,同比上年下降:22%至26%。","2019年1-9月,公司归属于上市公司股东净利润比上年同期下降,主要原因是:1.2019年比对2018年同期,非经常性损益差异减少约200万。2.由于公司对于2019年上半年的经营预期比较乐观,持续拓展品牌营销服务团队规模以支持业务扩张的战略目标,并加大在数字营销技术及传播研发中心建设的研发投入,持续引进优秀人才。因此,公司在报告期的人工成本及研发费用的支出较上年同期有较大幅度的提升。从2019年1月1日开始,公司位于广州番禺天安节能科技园的自购办公楼正式投入使用并产生相应的折旧费用。",略减,43530000,深交所创业板,069001002002,A股,058001001,文化传媒,10665671,-24,33000000,reduction,T
300773,拉卡拉,2019-10-15 00:00:00,2019-09-30 00:00:00,606802600,631074700,25,30,"预计2019年1-9月归属于上市公司股东的净利润盈利:60,680.26万元至63,107.47万元,同比上年增长:25%至30%。","1、报告期内公司归属于上市公司股东的净利润实现稳定增长,主要原因是:商户经营业务和扫码支付业务收入的大幅度增长,以及分摊的营销费用下降。2、报告期内公司非经常性损益对公司净利润影响金额为2201.26万元,上年同期非经常性损益对公司净利润影响金额为2266.04万元。",略增,485442100,深交所创业板,069001002002,A股,058001001,软件服务,10352616,27.5,618938650,increase,T
300772,运达股份,2019-10-15 00:00:00,2019-09-30 00:00:00,28000000,33000000,145.82,154,"预计2019年1-9月归属于上市公司股东的净利润盈利:2,800万元至3,300万元。","2019年前三季度,公司归属于上市公司股东的净利润较上年同期增长,主要原因系:报告期内,公司业绩变动主要系受行业政策变化影响,发货量增加导致。",扭亏,-61110900,深交所创业板,069001002002,A股,058001001,专用设备,10280119,149.91,30500000,increase,T
300771,智莱科技,2019-10-15 00:00:00,2019-09-30 00:00:00,212444600,245900400,27,47,"预计2019年1-9月归属于上市公司股东的净利润盈利:21,244.46万元至24,590.04万元,同比上年增长:27%至47%。","报告期内,归属于上市公司股东的净利润较上年同期上升,主要原因如下:1、报告期内公司出口销售收入较上年同期增长,利润相应增长;2、报告期内收到增值税即征即退税款以及政府补助较上年同期增长。预计公司报告期的非经常性损益对利润的影响金额约为760万元,主要为公司收到的政府补助资金及保本理财收益等。",略增,167279200,深交所创业板,069001002002,A股,058001001,专用设备,10676323,37,229172500,increase,T
300768,迪普科技,2019-10-15 00:00:00,2019-09-30 00:00:00,152550000,165820000,15,25,"预计2019年1-9月归属于上市公司股东的净利润盈利:15,255万元至16,582万元,同比上年增长:15%至25%。","1.报告期内,公司归属于上市公司股东的净利润较上年同期增长的主要构成因素如下:(1)报告期内,公司营业收入保持一定增长,使得营业利润相对上年同期有所增长。(2)报告期内,公司定期存款利息收入较上年同期相比有所增加,导致财务费用同比减少。2.公司预计2019年前三季度非经常性损益对净利润的影响在400万元-450万元之间。",略增,132650000,深交所创业板,069001002002,A股,058001001,通讯行业,10685277,20,159185000,increase,T
300767,震安科技,2019-10-15 00:00:00,2019-09-30 00:00:00,66079700,70485000,-25,-20,"预计2019年1-9月归属于上市公司股东的净利润盈利:6,607.97万元至7,048.5万元,同比上年下降:20%至25%。","1、报告期内,公司营业收入有所下滑,2019年1-9月较上年同期下滑约10%、22019年7-9月较上年同期下滑约22%,主要影响因素为:(1)上年同期重大项目“昆明市东川区易地扶贫搬迁对门山-起嘎安置点建设(EPC)设计施工总承包项目”实现收入金额较大,本期无相应规模的大型项目收入,造成公司本期收入有所下降;(2)云南省外营业收入占比有所上升,公司云南省外市场拓展取得较大进展;(3)减震产品(阻尼器产品)收入占比有所上升,公司隔震、减震双向发展战略取得进展。2、报告期内,公司销售费用增幅较大,2019年1-9月较上年同期增长约27%、2019年7-9月较上年同期增长约27%,主要原因是我国《建设工程抗震管理条例(征求意见稿)》已列入《国务院2019年立法工作计划》,条例相关条款对隔震减震推广支持力度加大,公司根据相关市场预期,加大了市场布局,销售费用中人员费用、办公费用、业务招待费等费用支出增加,为以后的市场开拓作了一定准备。3、报告期内,公司研发费用有所增加,2019年1-9月较上年同期增幅约27%、2019年7-9月较上年同期增幅约9%,主要原因是公司本年加大了隔震产品性能提升及产品监测系统等研发项目、原有减震产品性能优化项目、新型减震产品开发项目等研发投入,研发费用中的人员费用、技术合作费、试验费等有较大增长。4、报告期内,公司资产减值损失较上年同期增加较大,本期计提坏账准备较上年同期增加约518万元。",略减,88106300,深交所创业板,069001002002,A股,058001001,塑胶制品,10495147,-22.5,68282350,reduction,T
300759,康龙化成,2019-10-15 00:00:00,2019-09-30 00:00:00,314350400,336804000,40,50,"预计2019年1-9月归属于上市公司股东的净利润盈利:31,435.04万元至33,680.4万元,同比上年增长:40%至50%。","报告期内,公司归属于上市公司股东的净利润较上年同期上升,主要原因为:公司经营计划有序开展,公司2019年前三季度主营业务收入稳步增长,盈利能力提高导致业绩相应增长。经公司初步测算,2019年前三季度归属于上市公司股东的非经常性损益金额约为0至300万元。",略增,224536000,深交所创业板,069001002002,A股,058001001,医药制造,10119358,45,325577200,increase,T
300757,罗博特科,2019-10-15 00:00:00,2019-09-30 00:00:00,57500900,76667900,-10,20,"预计2019年1-9月归属于上市公司股东的净利润盈利:5,750.09万元至7,666.79万元,同比上年变动:-10%至20%。","1、2019年1-9月,公司归属于上市公司股东的净利润与上年同期基本持平,系公司按照年初经营计划有序推进各项工作,经前两季度管理提升及产品调整,销售收入持续增长,利润逐渐回升。2、2019年前三季度非经常性损益对净利润的影响金额预计为328.82万元,去年同期为1.16万元。",续盈,63889900,深交所创业板,069001002002,A股,058001001,专用设备,10685266,5,67084400,unknown,T
300753,爱朋医疗,2019-10-15 00:00:00,2019-09-30 00:00:00,71887400,76845100,45,55,"预计2019年1-9月归属于上市公司股东的净利润盈利:7,188.74万元至7,684.51万元,同比上年增长:45%至55%。","1.报告期内,公司主营业务保持良好的发展趋势,销售业绩稳健增长。另外,第三季度出售控股子公司上海贝瑞电子科技有限公司(以下简称“贝瑞电子”)股权产生的投资收益使得报告期内整体净利润增长明显。2.报告期内,预计非经常性损益对公司归属于上市公司股东的净利润影响金额为1,797.97万元-1,987.23万元,主要为出售贝瑞电子和理财产品产生的收益。",预增,49577500,深交所创业板,069001002002,A股,058001001,医疗行业,10688047,50,74366250,increase,T
300750,宁德时代,2019-10-15 00:00:00,2019-09-30 00:00:00,3092050000,3567750000,30,50,"预计2019年1-9月归属于上市公司股东的净利润盈利:309,205万元至356,775万元,同比上年增长:30%至50%。","1.2019年前三季度业绩与上年同期相比上升的主要原因是:(1)随着新能源汽车行业快速发展,动力电池市场需求较去年同期相比有所增长;(2)公司加强市场开拓,前期投入拉线产能释放,产销量相应提升。2.2019年第三季度业绩与上年同期相比下降的主要原因是:(1)部分产品售价下降,毛利率有所降低;(2)第三季度研发投入增长、管理费用增加,费用占收入比例有所上升。",略增,2378500000,深交所创业板,069001002002,A股,058001001,汽车行业,10554205,40,3329900000,increase,T
300749,顶固集创,2019-10-15 00:00:00,2019-09-30 00:00:00,52901200,60698500,2.77,17.92,"预计2019年1-9月归属于上市公司股东的净利润盈利:5,290.12万元至6,069.85万元,同比上年增长:2.77%至17.92%。","1、在消费升级这一大背景的驱动下,公司根据既定的年度经营计划指引,积极开拓全屋定制市场,报告期内公司推出了全屋定制新品类―橱柜产品,并继续大力推广“轻奢家”系列产品,与去年同期相比,公司在报告期内适度加大了品牌投入和市场推广力度,高度集中资源不断夯实公司品牌力,公司预计2019年前三季度销售收入和营业利润取得持续增长。2、公司2018年前三季度非经常性损益金额为754.62万元,预计2019年前三季度非经常性损益对净利润的影响金额约为800万元至850万元之间。",略增,51475100,深交所创业板,069001002002,A股,058001001,木业家具,10183540,10.345,56799850,increase,T
300741,华宝股份,2019-10-15 00:00:00,2019-09-30 00:00:00,801283100,852953100,2.11,8.7,"预计2019年1-9月归属于上市公司股东的净利润盈利:80,128.31万元至85,295.31万元,同比上年增长:2.11%至8.7%。","1、2019年前三季度,公司主营业务保持稳定。经营业绩同比增长,由于公司营业收入上升以及期间费用下降所致。2、2019年前三季度,非经常性损益对归属于上市公司股东的净利润的影响金额预计约为8,600万元。",略增,784708800,深交所创业板,069001002002,A股,058001001,食品饮料,10078654,5.405,827118100,increase,T
300737,科顺股份,2019-10-15 00:00:00,2019-09-30 00:00:00,255625400,271804200,58,68,"预计2019年1-9月归属于上市公司股东的净利润盈利:25,562.54万元至27,180.42万元,同比上年增长:58%至68%。","报告期内,公司营业收入增长主要原因是市场订单需求旺盛,同时公司生产能力及品牌知名度提升,销售业务增长所致;净利润增长的主要原因是营业收入增长导致营业利润增加所致。报告期内,公司预计非经常性损益对当期净利润的影响金额约为880万元。",预增,161788200,深交所创业板,069001002002,A股,058001001,水泥建材,10468170,63,263714800,increase,T
300736,百邦科技,2019-10-15 00:00:00,2019-09-30 00:00:00,-24000000,-23000000,-211.87,-207.21,"预计2019年1-9月归属于上市公司股东的净利润亏损:2,300万元至2,400万元。","公司2019年1月1日至9月30日归属于上市公司股东的净利润比上年同期减少的主要原因是:苹果手机在华市场占有率进一步下降,以及换电池优惠活动结束导致公司维修收入和商品销售及增值服务收入同比下降;同时,公司在联盟门店发展等新业务及信息系统建设上持续投入所致。",首亏,21453600,深交所创业板,069001002002,A股,058001001,通讯行业,10400645,-209.54,-23500000,reduction,T
300730,科创信息,2019-10-15 00:00:00,2019-09-30 00:00:00,-4500000,500000,-217.23,-86.97,预计2019年1-9月归属于上市公司股东的净利润:-450万元至50万元。,"1、公司营业收入存在较强的季节性波动,较多项目集中在第四季度确认收入,导致公司净利润的季节性波动明显。公司在2018年年度报告、2019年半年度报告第一节及第四节中对“收入季节性波动风险""进行了提示。2、报告期内,公司不断加强市场开拓、加大研发投入,销售费用、管理费用及研发费用较上年同期均有较大幅度增加。3、预计2019年前三季度非经常性损益约为128万元,上年同期为17.62万元。截至目前,公司各项经营活动均正常有序地进行。",不确定,3838600,深交所创业板,069001002002,A股,058001001,软件服务,10429002,-152.1,-2000000,unknown,T
300724,捷佳伟创,2019-10-15 00:00:00,2019-09-30 00:00:00,334412300,356619400,28,36.5,"预计2019年1-9月归属于上市公司股东的净利润盈利:33,441.23万元至35,661.94万元,同比上年增长:28%至36.5%。","1、报告期内,公司净利润比上年同期增长,系按照年初经营计划有序推进各项工作,整体销售稳步提升,使得本期销售收入及营业利润持续增长。2、本报告期非经常性损益对净利润的影响金额预计为1,700.00万元-2,100.00万元,去年同期为1,612.95万元。",略增,261259600,深交所创业板,069001002002,A股,058001001,专用设备,10196903,32.25,345515850,increase,T
300713,英可瑞,2019-10-15 00:00:00,2019-09-30 00:00:00,3880000,6774500,-90.83,-83.99,"预计2019年1-9月归属于上市公司股东的净利润盈利:388万元至677.45万元,同比上年下降:83.99%至90.83%。","1、报告期内,公司营业收入规模较去年同期略有下降,电动汽车充电电源领域市场竞争持续加剧,毛利率下降。轨道交通变流器业务结构发生变化,毛利率降低。2、报告期内,由于公司不断开拓新的业务范围,积极调整和优化产品结构,公司研发投入及管理费用相比去年同期增长较大。受上述因素影响,2019年1-9月归属于上市公司股东的净利润较上年同期有所下降。3、预计公司2019年1-9月,非经常性损益对净利润的影响金额约为232万元。",预减,42301600,深交所创业板,069001002002,A股,058001001,输配电气,10541395,-87.41,5327250,reduction,T
300708,聚灿光电,2019-10-15 00:00:00,2019-09-30 00:00:00,12770000,17770000,115.43,121.47,"预计2019年1-9月归属于上市公司股东的净利润盈利:1,277万元至1,777万元。","1、报告期内,公司生产运行平稳,产量同比大幅增长,市场开拓高效,营业收入同比大幅增长。2、受宏观经济波动、行业增长放缓等外部客观因素影响,LED芯片行业整体需求增速下滑、市场竞争异常激烈、产品价格明显调整,致使公司产品销售价格下降,毛利率下滑。预计2019年1-9月非经常性损益对净利润的影响金额约为3,212万元。",扭亏,-82749200,深交所创业板,069001002002,A股,058001001,电子元件,10220315,118.45,15270000,increase,T
300706,阿石创,2019-10-15 00:00:00,2019-09-30 00:00:00,13500000,17000000,-49.66,-36.61,"预计2019年1-9月归属于上市公司股东的净利润盈利:1,350万元至1,700万元,同比上年下降:36.61%至49.66%。","1、报告期内,在公司年度经营计划的稳步推进下,公司营业收入较上年同期相比有所增长,但因此引起销售费用有所上升;同时为满足未来募投项目产线建设需要,公司持续加大人才投入力度,导致人工成本增加。2、预计公司2019年1-9月非经常性损益对净利润的影响金额约为134.27万元。",略减,26817900,深交所创业板,069001002002,A股,058001001,材料行业,10523208,-43.135,15250000,reduction,T
300698,万马科技,2019-10-15 00:00:00,2019-09-30 00:00:00,4000000,5000000,-35.54,-19.43,"预计2019年1-9月归属于上市公司股东的净利润盈利:400万元至500万元,同比上年下降:19.43%至35.54%。","1、通信运营商集采产品覆盖范围加大、中标价格竞争激烈,同时行业周期原因使公司收入规模下降的影响因素仍然存在,导致报告期公司归属于上市公司股东的净利润同比下降。2、预计公司2019年1-9月非经常性损益金额约为340万元。",略减,6205600,深交所创业板,069001002002,A股,058001001,通讯行业,10489091,-27.485,4500000,reduction,T
300694,蠡湖股份,2019-10-15 00:00:00,2019-09-30 00:00:00,85399500,93532800,5,15,"预计2019年1-9月归属于上市公司股东的净利润盈利:8,539.95万元至9,353.28万元,同比上年增长:5%至15%。","1.报告期内,公司主营业务保持稳定,经营业绩较上年同期有所上升,主要系报告期内全资子公司无锡市蠡湖铸业有限公司营业收入、净利润均实现增长所致。2.报告期内,预计非经常性损益对公司净利润的影响金额约为609.09万元。",略增,81332900,深交所创业板,069001002002,A股,058001001,汽车行业,10685270,10,89466150,increase,T
300687,赛意信息,2019-10-15 00:00:00,2019-09-30 00:00:00,50000000,58000000,-27,-15.32,"预计2019年1-9月归属于上市公司股东的净利润盈利:5,000万元至5,800万元,同比上年下降:15.32%至27%。","公司经营情况总体保持稳定,2019年前三季度营业收入保持良好增长。鉴于在自主产品研发、核心人才引进方面的投入持续加大,公司营业成本的增速高于营业收入增速,加上管理费用、销售费用等因素影响,使得归属于上市公司股东的净利润较上年同期下降。预计2019年1-9月归属于上市公司股东的净利润为盈利5,000万元至5,800万元,预计2019年1-9月非经常性损益对净利润的影响金额为837万元。具体以2019年第三季度报告披露的财务数据为准。",略减,68492500,深交所创业板,069001002002,A股,058001001,软件服务,10125390,-21.16,54000000,reduction,T
300682,朗新科技,2019-10-15 00:00:00,2019-09-30 00:00:00,590000000,595000000,2025,2043,"预计2019年1-9月归属于上市公司股东的净利润盈利:59,000万元至59,500万元,同比上年增长:2025%至2043%。","报告期内,公司围绕2019年度经营目标和计划,各项业务有序进展。在主营业务行业具有较强的季节性波动影响的情况下,在扣除邦道科技一次性投资收益后,前三季度公司实现归属于上市公司股东的净利润与上年同期相比仍然实现了较大幅度的增长。第三季度非经常性损益对净利润的贡献金额预计约为298万元,主要原因系收到政府的补助。",预增,27764602.74,深交所创业板,069001002002,A股,058001001,软件服务,10428356,2034,592500000,increase,T
300674,宇信科技,2019-10-15 00:00:00,2019-09-30 00:00:00,84000000,94000000,2.29,14.47,"预计2019年1-9月归属于上市公司股东的净利润盈利:8,400万元至9,400万元,同比上年增长:2.29%至14.47%。","1、公司2019年1-9月归属于上市公司股东的净利润预计为8,400万元至9,400万元,比上年同期预计增长2.29%至14.47%,主要原因为公司软件开发及服务业务稳步增长以及系统集成销售及服务业务发展较快,预计2019年1-9月软件开发及服务收入较上年同期增长30%左右。2、公司2019年1-9月扣除非经常性损益后归属于上市公司股东的净利润预计为7,700万元至8,700万元,比上年同期预计增长15.92%至30.97%,高于归属于上市公司股东净利润的同比增速,主要原因为2019年1-9月股权处置损失较大而上年同期股权处置收益较高等导致公司2019年1-9月非经常性收益较上年同期大幅减少。3、公司2019年7-9月归属于上市公司股东的净利润较上年同期略有下降,主要原因为公司投资的联营企业受金融大环境影响导致的经营业绩下滑使得公司的投资收益下降,同时第三季度公司股权处置损失等非经常性损失较大。",略增,82120400,深交所创业板,069001002002,A股,058001001,软件服务,10105354,8.38,89000000,increase,T
300673,佩蒂股份,2019-10-15 00:00:00,2019-09-30 00:00:00,30931400,34931400,-70.06,-66.19,"预计2019年1-9月归属于上市公司股东的净利润盈利:3,093.14万元至3,493.14万元,同比上年下降:66.19%至70.06%。","随着公司在国内、国外两个市场开拓力度的深入,2019年第三季度主营业务收入较上半年提速明显,前三季度营业收入实现约69,942万元,比去年同期增长14.68%。但由于受到原材料价格上涨、管理费用和销售费用增加等诸多因素叠加影响,前三季度利润较上年同期下滑幅度较大,具体如下:1、报告期内,部分原材料价格有较大幅度上涨;2、本报告期内,国内市场开拓投入费用较上年同期有较大幅度增长;3、本报告期,发生股权激励费用2,597.45万元;4、预计公司前三季度非经常性损益对净利润的影响金额约399万元,上年同期收到政府补助996.63万元。",预减,103309800,深交所创业板,069001002002,A股,058001001,食品饮料,10434825,-68.125,32931400,reduction,T
300672,国科微,2019-10-15 00:00:00,2019-09-30 00:00:00,0,5000000,100,110.35,预计2019年1-9月归属于上市公司股东的净利润盈利:0万元至500万元。,"1、报告期内,公司抓住市场机遇,把握行业周期,各产品线销售收入均有一定增长,使得公司2019年前三季度营业收入较上年同期增长约60%。2、报告期内公司获得的政府补助较上年同期增加约4,700万元,使得本报告期其他收益增加。3、报告期内相关费用较上年同期增加。本报告期因加大研发投入与销售力度、新增银行贷款以及实施限制性股票股权激励计划等,使研发费用、管理费用、销售费用、财务费用等较上年同期增加约3,000万元,对公司利润造成了一定影响。4、报告期内因亏损减少导致递延所得税资产减少,所得税费用较上年同期增加约700万元。",扭亏,-48307700,深交所创业板,069001002002,A股,058001001,电子元件,10530371,105.175,2500000,increase,T
300662,科锐国际,2019-10-15 00:00:00,2019-09-30 00:00:00,108529900,120917500,17.88,31.33,"预计2019年1-9月归属于上市公司股东的净利润盈利:10,852.99万元至12,091.75万元,同比上年增长:17.88%至31.33%。","1、报告期内,公司围绕既定的经营计划,有序开展各项工作,整体经营状况较为稳定。第三季度,公司持续加大拓展力度,收入持续增长。前三季度InvestigoLimited可归属于母公司净利润约1,600万元。2、公司2019年前三季度业绩与上年同期相比同向上升,其中预计2019年前三季度非经常性损益对净利润的影响金额约1,300万元,2018年同期非经常性损益对净利润的影响金额为963万元。主要系在2019年前三季度收到地方政府退税及政府补贴所致。",略增,92068200,深交所创业板,069001002002,A股,058001001,文教休闲,10495125,24.605,114723700,increase,T
300652,雷迪克,2019-10-15 00:00:00,2019-09-30 00:00:00,45384500,64835000,-30,0,"预计2019年1-9月归属于上市公司股东的净利润盈利:4,538.45万元至6,483.5万元,同比上年下降:0%至30%。","公司2019年前三季度公司经营情况稳定,业务结构未发生重大变化。与去年同期相比,本期业绩同向下降主要原因为:本报告期较上年同期财务费用增加以及政府补助减少所致。公司预计2019年前三季度非经常性损益对净利润的影响金额约为177.33万元。",略减,64835000,深交所创业板,069001002002,A股,058001001,汽车行业,10500731,-15,55109750,reduction,T
300648,星云股份,2019-10-15 00:00:00,2019-09-30 00:00:00,4906400,7359600,-80,-70,"预计2019年1-9月归属于上市公司股东的净利润盈利:490.64万元至735.96万元,同比上年下降:70%至80%。","1、报告期内,公司经营业绩整体保持良好的增长态势,营业收入实现稳步增长;同时由于市场竞争日趋激烈、新能源汽车补贴政策变化、产品结构调整变动等原因,导致公司综合毛利率有所下降。2、报告期内,公司继续进行战略布局,不断开发新产品,开拓新市场,同时加大研发投入,使得销售费用、研发费用及管理费用较上年同期增加,导致利润下降。3、报告期内,公司获得的政府补助较上年同期减少。",预减,24532100,深交所创业板,069001002002,A股,058001001,仪器仪表,10500730,-75,6133000,reduction,T
300647,超频三,2019-10-15 00:00:00,2019-09-30 00:00:00,11771400,15926000,-15,15,"预计2019年1-9月归属于上市公司股东的净利润盈利:1,177.14万元至1,592.6万元,同比上年变动:-15%至15%。","公司根据年度经营计划,稳步推进各项工作。报告期内,公司综合毛利率保持稳定,归属于上市公司股东的净利润的变动主要是由于子公司及参股公司业绩受市场环境影响所致。2019年1-9月,公司非经常性损益对净利润的影响金额预计约为445万元。",续盈,13848700,深交所创业板,069001002002,A股,058001001,电子元件,10454772,0,13848700,unknown,T
300641,正丹股份,2019-10-15 00:00:00,2019-09-30 00:00:00,35000000,42000000,-46.07,-35.29,"预计2019年1-9月归属于上市公司股东的净利润盈利:3,500万元至4,200万元,同比上年下降:35.29%至46.07%。","报告期内,公司总体经营规模保持平稳,各主要产品产销量较上年实现平稳增长;受国内外经济环境变化及环保整治的影响,部分产品下游需求增长放缓,产品销售价格同比有所下降,导致报告期业绩同比出现下降。",略减,64904400,深交所创业板,069001002002,A股,058001001,化工行业,10205323,-40.68,38500000,reduction,T
300638,广和通,2019-10-15 00:00:00,2019-09-30 00:00:00,116000000,130000000,100.78,125.02,"预计2019年1-9月归属于上市公司股东的净利润盈利:11,600万元至13,000万元,同比上年增长:100.78%至125.02%。","物联网行业发展态势较好,公司抓住市场机遇,市场拓展良好,2019年1-9月收入较去年同期实现30%以上的增长。另一方面,公司毛利率有所改善,净利润较去年同期实现100%以上的增长。",预增,57773500,深交所创业板,069001002002,A股,058001001,通讯行业,10470380,112.9,123000000,increase,T
300637,扬帆新材,2019-10-15 00:00:00,2019-09-30 00:00:00,91136400,96497400,-15,-10,"预计2019年1-9月归属于上市公司股东的净利润盈利:9,113.64万元至9,649.74万元,同比上年下降:10%至15%。","1、本报告期,公司经营状况正常,营业收入、毛利率均保持平稳,净利润同比有所下降,原因如下:(1)、内蒙古基地筹建期管理费用同比增加;(2)、政府补助减少,研发投入增加;(3)、自有资金对外投资后,增加了流动资金贷款,利息费用增加。2、2019年前三季度非经常性损益对净利润的影响金额预计为340.00万元-370.00万元人民币;2018年前三季度非经常性损益对净利润的影响金额为823.08万元人民币。",略减,107219300,深交所创业板,069001002002,A股,058001001,化工行业,10495129,-12.5,93816900,reduction,T
300629,新劲刚,2019-10-15 00:00:00,2019-09-30 00:00:00,-13500000,-11500000,-211.74,-195.19,"预计2019年1-9月归属于上市公司股东的净利润亏损:1,150万元至1,350万元。","1、公司前三季度,经营模式未发生重大变化;2、公司前三季度净利润下降的主要原因:受下游建筑陶瓷行业持续低迷以及公司战略转型期的影响,公司销售收入与上年同期相比下降32%左右;且销售价格下降导致毛利下降,使得公司前三季度归属于上市公司股东的净利润下降;3、汇率变动及利息费用增加导致财务费用上升;同时,公司本期内实施了收购广东宽普科技股份有限公司100%股权的重大资产重组项目,使得管理费用也有所上升;4、受下游建筑陶瓷行业低迷的影响,部分下游客户回款周期延长,导致按会计政策计提的信用减值损失增加;5、公司2019年前三季度预计非经常性损益对净利润的影响金额约为184.90万元。",首亏,12081100,深交所创业板,069001002002,A股,058001001,金属制品,10197676,-203.465,-12500000,reduction,T
300626,华瑞股份,2019-10-15 00:00:00,2019-09-30 00:00:00,17217800,24104900,-50,-30,"预计2019年1-9月归属于上市公司股东的净利润盈利:1,721.78万元至2,410.49万元,同比上年下降:30%至50%。","1、报告期内,公司生产经营情况稳定,业务结构未发生重大变化,受整体宏观经济下滑影响,下游行业受到一定程度冲击,导致营业收入较上年同期下降,公司净利润有所下降。2、报告期内,公司非经常性损益对公司净利润的影响约为170万元,上年同期该金额为227万元。",略减,34435600,深交所创业板,069001002002,A股,058001001,机械行业,10205259,-40,20661350,reduction,T
300621,维业股份,2019-10-15 00:00:00,2019-09-30 00:00:00,76000000,80000000,1.38,6.72,"预计2019年1-9月归属于上市公司股东的净利润盈利:7,600万元至8,000万元,同比上年增长:1.38%至6.72%。","1、报告期内,公司整体经营平稳,业务规模稳步增长,销售收入和净利润较上年实现平稳增长。2、报告期内,公司预计非经常性损益对公司净利润的影响金额约为180万元。",略增,74962000,深交所创业板,069001002002,A股,058001001,装修装饰,10311512,4.05,78000000,increase,T
300612,宣亚国际,2019-10-15 00:00:00,2019-09-30 00:00:00,-7500000,-4200000,-199.76,-155.87,预计2019年1-9月归属于上市公司股东的净利润亏损:420万元至750万元。,"受到国内经济下行压力、行业竞争态势加剧等因素影响,公司的“汽车”、“互联网及信息技术”和“制造业”类主要客户为应对自身竞争压力,均不同程度的缩减了营销预算,间接导致公司营业总收入减少;同时,为了加速整个公司商业模式的转型升级,持续增加营销技术应用的研发投入,导致了研发费用的增加;另外,去年同期公司收到的上市奖励等政府补助收入,对上年同期净利润的影响约为359万元。本报告期内,公司收到贷款贴息等政府补贴,预计非经常性损益对净利润的影响为63万元。",首亏,7517900,深交所创业板,069001002002,A股,058001001,文化传媒,10467809,-177.815,-5850000,reduction,T
300611,美力科技,2019-10-15 00:00:00,2019-09-30 00:00:00,23000000,24800000,-13.39,-6.61,"预计2019年1-9月归属于上市公司股东的净利润盈利:2,300万元至2,480万元,同比上年下降:6.61%至13.39%。","1、2019年前三季度,受宏观经济波动、汽车工业行业整体景气度较低及来自客户的降价压力等因素的影响,公司的营业收入增速减缓;同时期间费用增加以及非经常性损益的大幅减少,进一步影响了公司的经营业绩,致使与去年同期相比,公司的净利润有一定程度的下降;2、本年度第三季度与去年同期相比,归属于上市公司股东的净利润增长较快,主要系公司收入构成有所变动所致,其中,毛利率较高的车身及内饰弹簧、通用弹簧等产品收入增长较快,对第三季度净利润增长的贡献较大。",略减,26555000,深交所创业板,069001002002,A股,058001001,交运设备,10412323,-10,23900000,reduction,T
300606,金太阳,2019-10-15 00:00:00,2019-09-30 00:00:00,35000000,38000000,-18.57,-11.59,"预计2019年1-9月归属于上市公司股东的净利润盈利:3,500万元至3,800万元,同比上年下降:11.59%至18.57%。","1.报告期内,受子公司部分高端智能数控设备业务尚未达到收入确认条件影响,净利润有所下降。2.报告期内,预计非经常性损益对公司净利润的影响金额约为382万元,去年同期为188万元,本期非经常性损益主要来源于购买理财产品。",略减,42980000,深交所创业板,069001002002,A股,058001001,机械行业,10429006,-15.08,36500000,reduction,T
300594,朗进科技,2019-10-15 00:00:00,2019-09-30 00:00:00,59620000,60620000,20,23,"预计2019年1-9月归属于上市公司股东的净利润盈利:5,962万元至6,062万元,同比上年增长:20%至23%。","1、报告期内,公司销售订单有续执行,营业收入增长的同时,净利润同步增加;同时,财务费用减少净利润增加。2、2019年前三季度预计公司的非经常性损益约为654万元。",略增,49376100,深交所创业板,069001002002,A股,058001001,交运设备,10652372,21.5,60120000,increase,T
300586,美联新材,2019-10-15 00:00:00,2019-09-30 00:00:00,81081400,93883700,90,120,"预计2019年1-9月归属于上市公司股东的净利润盈利:8,108.14万元至9,388.37万元,同比上年增长:90%至120%。","1、2019年前三季度业绩变动的主要原因:(1)报告期内,公司色母粒产品产销量同比上升,主营业务盈利持续增长;(2)公司在一季度末完成了对营创三征(营口)精细化工有限公司的控股、在二季度通过增资完成了对营口营新化工科技有限公司的控股,导致财务报表合并范围发生变化。2、预计非经常性损益对净利润的影响金额约为500万元。",预增,42674400,深交所创业板,069001002002,A股,058001001,化工行业,10399927,105,87482550,increase,T
