1,833742,天秦装备,详细,0.63,2.13亿,-4.31,88.32,5255万,-14.16,85.08,4.34,15.35,0.5592,38.36,不分配不转增,-,09-22,http://data.eastmoney.comhttp://data.eastmoney.com/bbsj/yjbb/833742.html
2,688595,芯海科技,详细,0.58,2.58亿,17.83,-,4280万,52.37,-,6.1491,18.58,-0.053,44.80,-,软件服务,09-22,http://data.eastmoney.comhttp://data.eastmoney.com/bbsj/688595.html
3,605338,巴比食品,详细,0.83,10.64亿,7.45,-,1.55亿,7.93,-,3.8437,23.69,0.5981,33.11,-,食品饮料,09-22,http://data.eastmoney.comhttp://data.eastmoney.com/bbsj/605338.html
4,605058,澳弘电子,详细,1.16,8.45亿,0.92,-,1.24亿,22.95,-,5.4727,23.64,1.3243,28.93,-,电子元件,09-22,http://data.eastmoney.comhttp://data.eastmoney.com/bbsj/605058.html
5,601568,北元集团,详细,0.51,100亿,4.61,-,16.6亿,-3.22,-,2.4267,22.85,0.4443,34.04,-,化工行业,09-22,http://data.eastmoney.comhttp://data.eastmoney.com/bbsj/601568.html
6,838798,瑞星时光,详细,0.97,5.15亿,34.81,-,4846万,52.71,-,2.9141,35.59,0.416,26.68,不分配不转增,-,09-21,http://data.eastmoney.comhttp://data.eastmoney.com/bbsj/yjbb/838798.html
7,832953,创识科技,详细,0.98,5.42亿,33.11,184.12,1亿,50.54,443.80,3.1,36.65,1.0686,30.12,10派1.96,-,09-21,http://data.eastmoney.comhttp://data.eastmoney.com/bbsj/yjbb/832953.html
8,831475,春晖智控,详细,0.74,5.03亿,-13.53,33.03,7568万,0.01,47.92,4.28,18.81,1.1613,30.36,不分配不转增,-,09-21,http://data.eastmoney.comhttp://data.eastmoney.com/bbsj/yjbb/831475.html
9,830839,万通液压,详细,0.6809,3.14亿,-14.97,-,4085万,-5.42,-,4,17.20,0.641,27.05,10派3.50,-,09-21,http://data.eastmoney.comhttp://data.eastmoney.com/bbsj/yjbb/830839.html
10,688386,泛亚微透,详细,0.83,2.45亿,17.47,-,4374万,42.98,-,5.3704,16.40,0.8325,46.80,-,塑胶制品,09-21,http://data.eastmoney.comhttp://data.eastmoney.com/bbsj/688386.html
11,300899,上海凯鑫,详细,1.2271,2.61亿,32.59,-,5870万,38.23,-,4.6526,29.24,0.6856,36.28,-,环保工程,09-21,http://data.eastmoney.comhttp://data.eastmoney.com/bbsj/300899.html
12,300898,熊猫乳品,详细,0.72,6.04亿,0.35,-0.02,6661万,-29.70,-7.06,5.401,14.22,0.9051,28.73,-,食品饮料,09-21,http://data.eastmoney.comhttp://data.eastmoney.com/bbsj/300898.html
13,300895,铜牛信息,详细,0.96,2.62亿,25.36,62.28,5286万,19.94,94.64,10.94,11.57,0.723,31.59,-,软件服务,09-21,http://data.eastmoney.comhttp://data.eastmoney.com/bbsj/300895.html
14,300893,松原股份,详细,1.07,4.65亿,10.50,-,8059万,26.92,-,4.8629,24.61,1.094,37.22,-,汽车行业,09-21,http://data.eastmoney.comhttp://data.eastmoney.com/bbsj/300893.html
15,003012,东鹏控股,详细,-,67.52亿,2.00,-,7.94亿,0.09,-,5.0195,16.65,0.9132,35.69,-,玻璃陶瓷,09-21,http://data.eastmoney.comhttp://data.eastmoney.com/bbsj/003012.html
16,872304,天浩科技,详细,1.53,1.38亿,93.69,-,2300万,207.15,-,2.8454,67.20,2.7261,33.15,10派10.00,-,09-18,http://data.eastmoney.comhttp://data.eastmoney.com/bbsj/yjbb/872304.html
17,871628,凯淳股份,详细,1.11,7.7亿,2.93,-,6656万,-4.80,-,4.25,27.18,0.7527,30.66,不分配不转增,-,09-18,http://data.eastmoney.comhttp://data.eastmoney.com/bbsj/yjbb/871628.html
18,839792,东和新材,详细,0.56,5.74亿,-14.95,-,8147万,12.31,-,3.38,17.86,0.6747,30.43,不分配不转增,-,09-18,http://data.eastmoney.comhttp://data.eastmoney.com/bbsj/yjbb/839792.html
19,839711,凯盛新材,详细,1.3587,6.59亿,-2.72,-,1.37亿,115.82,-,6.47,26.70,1.569,44.89,10转22.00派8.70,-,09-18,http://data.eastmoney.comhttp://data.eastmoney.com/bbsj/yjbb/839711.html
20,835681,帝杰曼,详细,0.26,1.73亿,17.63,-,1868万,8.39,-,1.35,21.29,-0.132,26.06,不分配不转增,-,09-18,http://data.eastmoney.comhttp://data.eastmoney.com/bbsj/yjbb/835681.html
21,300999,金龙鱼,详细,1.11,1707亿,2.20,-,54.08亿,5.47,-,13.28,8.72,2.7725,11.40,-,食品饮料,09-18,http://data.eastmoney.comhttp://data.eastmoney.com/bbsj/300999.html
22,839391,金恒新材,详细,0.18,3.13亿,9.97,-,1698万,50.66,-,1.61,11.34,0.0797,29.87,10派0.5161,-,09-17,http://data.eastmoney.comhttp://data.eastmoney.com/bbsj/yjbb/839391.html
23,834892,智诚安环,详细,0.62,4.97亿,48.39,-,9349万,18.55,-,1.61,46.64,0.4552,41.64,不分配不转增,-,09-17,http://data.eastmoney.comhttp://data.eastmoney.com/bbsj/yjbb/834892.html
24,688526,科前生物,详细,0.67,5.08亿,-30.98,-,2.43亿,-37.62,-,3.1083,24.32,0.4302,79.09,-,医药制造,09-17,http://data.eastmoney.comhttp://data.eastmoney.com/bbsj/688526.html
25,605099,共创草坪,详细,0.79,15.54亿,11.15,-,2.85亿,24.66,-,2.55,35.98,0.9468,37.18,-,文教休闲,09-17,http://data.eastmoney.comhttp://data.eastmoney.com/bbsj/605099.html
26,003011,海象新材,详细,2.51,8.59亿,9.57,-,1.38亿,54.42,-,7.5993,39.15,3.3414,33.05,-,塑胶制品,09-17,http://data.eastmoney.comhttp://data.eastmoney.com/bbsj/003011.html
27,837344,三元基因,详细,0.55,2.78亿,-7.54,-,6009万,3.43,-,2.53,22.31,0.6441,84.71,10派5.00,-,09-16,http://data.eastmoney.comhttp://data.eastmoney.com/bbsj/yjbb/837344.html
28,833789,ST贵之步,详细,-0.06,1240万,22.92,-,-204万,-333.91,-,0.31,-18.83,0.0433,63.35,不分配不转增,-,09-16,http://data.eastmoney.comhttp://data.eastmoney.com/bbsj/yjbb/833789.html
29,831550,成大生物,详细,1.86,16.77亿,20.59,-27.28,6.98亿,12.59,-71.42,9.14,22.04,1.9315,85.69,10派6.00,-,09-16,http://data.eastmoney.comhttp://data.eastmoney.com/bbsj/yjbb/831550.html
30,688330,宏力达,详细,3.18,7.05亿,70.00,38.95,2.39亿,144.77,119.73,8.542,44.52,0.3954,55.90,-,输配电气,09-16,http://data.eastmoney.comhttp://data.eastmoney.com/bbsj/688330.html
31,688156,路德环境,详细,0.64,3.04亿,34.73,-,4406万,140.88,-,4.8779,14.03,0.4428,37.10,-,环保工程,09-16,http://data.eastmoney.comhttp://data.eastmoney.com/bbsj/688156.html
32,688127,蓝特光学,详细,0.32,3.34亿,-15.35,-,1.16亿,1.93,-,1.791,17.40,0.5618,53.70,-,电子元件,09-16,http://data.eastmoney.comhttp://data.eastmoney.com/bbsj/688127.html
33,605136,丽人丽妆,详细,0.79,38.74亿,7.18,-,2.86亿,13.36,-,4.4003,19.86,0.6124,35.61,-,商业百货,09-16,http://data.eastmoney.comhttp://data.eastmoney.com/bbsj/605136.html
34,605018,长华股份,详细,0.55,14.31亿,-5.77,-,2.06亿,-1.50,-,3.7334,15.69,0.8035,26.33,-,汽车行业,09-16,http://data.eastmoney.comhttp://data.eastmoney.com/bbsj/605018.html
35,871396,常辅股份,详细,0.79,2.52亿,16.41,8.73,2896万,4.44,-42.64,4.55,17.63,0.9101,39.39,不分配不转增,-,09-15,http://data.eastmoney.comhttp://data.eastmoney.com/bbsj/yjbb/871396.html
36,837679,百川环能,详细,1.01,4.64亿,47.85,-,1.21亿,31.16,-,7.55,14.29,0.9025,48.24,不分配不转增,-,09-15,http://data.eastmoney.comhttp://data.eastmoney.com/bbsj/yjbb/837679.html
37,837539,思瑞浦,详细,1.67,3.04亿,166.47,-,7098万,904.82,-,3.6497,52.52,-0.0886,59.41,-,-,09-15,http://data.eastmoney.comhttp://data.eastmoney.com/bbsj/yjbb/837539.html
38,837092,汉鑫科技,详细,1.09,2.39亿,46.02,153.79,4118万,34.84,53.42,4.08,30.88,-0.1371,33.70,不分配不转增,-,09-15,http://data.eastmoney.comhttp://data.eastmoney.com/bbsj/yjbb/837092.html
39,835212,多想互动,详细,1.57,3.92亿,34.89,197.02,8008万,40.44,246.35,4.97,37.62,1.125,34.49,不分配不转增,-,09-15,http://data.eastmoney.comhttp://data.eastmoney.com/bbsj/yjbb/835212.html
40,834933,正弦电气,详细,0.87,2.81亿,26.31,-,5596万,38.25,-,3.65,26.60,0.5751,39.39,不分配不转增,-,09-15,http://data.eastmoney.comhttp://data.eastmoney.com/bbsj/yjbb/834933.html
41,834839,之江生物,详细,0.35,2.59亿,15.39,-,5152万,-17.33,-,3.92,9.23,0.525,76.12,10派4.50,-,09-15,http://data.eastmoney.comhttp://data.eastmoney.com/bbsj/yjbb/834839.html
42,834003,挖金客,详细,2.28,2.58亿,22.97,-,1.16亿,89.01,-,4.75,57.19,0.2009,34.81,10派9.00,-,09-15,http://data.eastmoney.comhttp://data.eastmoney.com/bbsj/yjbb/834003.html
43,605336,帅丰电器,详细,1.65,6.98亿,10.59,-,1.74亿,15.84,-,6.7555,27.77,2.3044,48.65,-,家电行业,09-15,http://data.eastmoney.comhttp://data.eastmoney.com/bbsj/605336.html
44,605218,伟时电子,详细,0.6521,12.3亿,-21.01,-,1.04亿,-24.99,-,3.1171,23.36,1.3299,22.96,-,电子元件,09-15,http://data.eastmoney.comhttp://data.eastmoney.com/bbsj/605218.html
45,605111,新洁能,详细,1.29,7.73亿,7.93,-,9821万,-30.55,-,7.5312,18.80,0.9898,20.73,-,电子元件,09-15,http://data.eastmoney.comhttp://data.eastmoney.com/bbsj/605111.html
46,430047,诺思兰德,详细,-0.17,725万,-29.54,-,-3700万,-46.71,-,0.34,-42.68,-0.1728,65.34,不分配不转增,-,09-15,http://data.eastmoney.comhttp://data.eastmoney.com/bbsj/yjbb/430047.html
47,300892,品渥食品,详细,1.32,13.8亿,10.36,-,9893万,26.72,-,4.5092,34.24,1.7505,38.53,-,食品饮料,09-15,http://data.eastmoney.comhttp://data.eastmoney.com/bbsj/300892.html
48,832491,奥迪威,详细,0.05,2.51亿,-14.08,11.21,561万,-80.23,-109.62,4.28,1.19,0.5132,24.17,10派0.10,-,09-14,http://data.eastmoney.comhttp://data.eastmoney.com/bbsj/yjbb/832491.html
49,400053,佳纸1,详细,0,0,-,-,-91.92万,-101.70,-625.32,-0.0035,-117.62,-0.0161,-,不分配不转增,-,09-14,http://data.eastmoney.comhttp://data.eastmoney.com/bbsj/yjbb/400053.html
50,300897,山科智能,详细,1.28,3.21亿,32.74,-,6505万,23.41,-,5.5778,25.39,0.7529,48.28,-,仪器仪表,09-14,http://data.eastmoney.comhttp://data.eastmoney.com/bbsj/300897.html
51,300891,惠云钛业,详细,0.33,10.02亿,10.56,-,9812万,19.76,-,2.4271,14.37,0.4622,23.16,-,化工行业,09-14,http://data.eastmoney.comhttp://data.eastmoney.com/bbsj/300891.html
52,300890,翔丰华,详细,0.8225,6.46亿,7.67,-,6169万,0.22,-,8.7302,8.08,0.8725,22.00,-,材料行业,09-14,http://data.eastmoney.comhttp://data.eastmoney.com/bbsj/300890.html
53,003009,中天火箭,详细,0.85,7.97亿,19.23,-,9895万,27.69,-,5.994,15.12,0.9891,30.84,-,航天航空,09-14,http://data.eastmoney.comhttp://data.eastmoney.com/bbsj/003009.html
54,838030,德众股份,详细,0.34,19.08亿,8.66,18.34,4916万,29.99,178.63,1.94,18.97,0.5165,9.75,不分配不转增,-,09-11,http://data.eastmoney.comhttp://data.eastmoney.com/bbsj/yjbb/838030.html
55,831697,海优新材,详细,1.09,10.63亿,48.61,13.61,6688万,142.18,38.57,8.62,13.93,-0.1633,14.92,10派2.12,-,09-11,http://data.eastmoney.comhttp://data.eastmoney.com/bbsj/yjbb/831697.html
56,688301,奕瑞科技,详细,1.77,5.46亿,24.28,-,9640万,59.14,-,7.8299,25.52,0.5663,49.27,-,专用设备,09-11,http://data.eastmoney.comhttp://data.eastmoney.com/bbsj/688301.html
57,300889,爱克股份,详细,1.17,11.29亿,27.65,-,1.37亿,29.87,-,3.9042,35.15,1.2355,35.44,-,电子元件,09-11,http://data.eastmoney.comhttp://data.eastmoney.com/bbsj/300889.html
58,300888,稳健医疗,详细,1.45,45.75亿,19.16,-,5.46亿,28.64,-,8.3943,18.80,1.5931,51.65,-,专用设备,09-11,http://data.eastmoney.comhttp://data.eastmoney.com/bbsj/300888.html
59,300887,谱尼测试,详细,2.19,12.87亿,2.93,-,1.25亿,-2.30,-,15.58,15.09,3.4041,49.13,-,仪器仪表,09-11,http://data.eastmoney.comhttp://data.eastmoney.com/bbsj/300887.html
60,300370,安控科技,详细,0.0142,12.56亿,-8.40,89.82,1362万,102.47,1537,0.9227,1.60,0.2434,28.59,不分配不转增,仪器仪表,09-11,http://data.eastmoney.comhttp://data.eastmoney.com/bbsj/300370.html
61,873510,三新股份,详细,0.79,1.81亿,14.50,-,1984万,42.86,-,3.9354,22.35,0.9771,29.83,-,-,09-10,http://data.eastmoney.comhttp://data.eastmoney.com/bbsj/yjbb/873510.html
62,838603,车工股份,详细,-0.32,598万,-95.05,-,-2958万,-10.32,-,0.29,-71.11,0.0277,21.07,不分配不转增,-,09-10,http://data.eastmoney.comhttp://data.eastmoney.com/bbsj/yjbb/838603.html
63,833238,森维园林,详细,-0.12,1185万,-61.80,-,-589万,82.72,-,1.13,-10.34,-0.0103,-7.62,不分配不转增,-,09-10,http://data.eastmoney.comhttp://data.eastmoney.com/bbsj/yjbb/833238.html
64,688577,浙海德曼,详细,1.13,3.85亿,-9.97,-,4560万,-20.92,-,8.1675,14.64,1.2218,34.21,-,机械行业,09-10,http://data.eastmoney.comhttp://data.eastmoney.com/bbsj/688577.html
65,688093,世华科技,详细,0.63,2.41亿,-5.93,-,8158万,48.94,-,2.1364,33.46,0.5737,59.32,-,材料行业,09-10,http://data.eastmoney.comhttp://data.eastmoney.com/bbsj/688093.html
66,300886,华业香料,详细,1.0642,2.15亿,-16.77,-,4576万,-28.47,-,5.8424,19.82,1.4271,38.58,-,化工行业,09-10,http://data.eastmoney.comhttp://data.eastmoney.com/bbsj/300886.html
67,003008,开普检测,详细,1.8,2.03亿,6.96,-,1.08亿,3.21,-,6.2346,32.80,2.1154,79.81,-,电力行业,09-10,http://data.eastmoney.comhttp://data.eastmoney.com/bbsj/003008.html
68,003007,直真科技,详细,1.4173,4.09亿,11.64,-,8504万,22.90,-,7.3686,20.77,1.2475,59.21,-,软件服务,09-10,http://data.eastmoney.comhttp://data.eastmoney.com/bbsj/003007.html
69,831243,晓鸣农牧,详细,0.79,5.39亿,40.59,2.70,1.11亿,586.12,-19.54,4.02,21.66,1.3226,38.48,不分配不转增,-,09-09,http://data.eastmoney.comhttp://data.eastmoney.com/bbsj/yjbb/831243.html
70,688585,上纬新材,详细,0.22,13.49亿,8.94,-,7827万,221.09,-,2.3929,9.50,0.1225,19.60,-,材料行业,09-09,http://data.eastmoney.comhttp://data.eastmoney.com/bbsj/688585.html
71,688013,天臣医疗,详细,0.7,1.73亿,45.14,-,4201万,81.60,-,1.7864,44.91,0.5804,60.04,-,医疗行业,09-09,http://data.eastmoney.comhttp://data.eastmoney.com/bbsj/688013.html
72,300896,爱美客,详细,3.39,5.58亿,73.74,-,3.06亿,148.68,-,7.3215,44.01,3.4413,92.63,-,医疗行业,09-09,http://data.eastmoney.comhttp://data.eastmoney.com/bbsj/300896.html
73,003005,竞业达,详细,1.8762,6.77亿,31.26,-,1.49亿,43.03,-,5.7622,38.89,1.3121,48.74,-,软件服务,09-09,http://data.eastmoney.comhttp://data.eastmoney.com/bbsj/003005.html
74,871691,易景环境,详细,0.89,1亿,70.30,-,2801万,23.66,-,2.35,46.91,0.0624,67.47,10送5.80派1.00,-,09-08,http://data.eastmoney.comhttp://data.eastmoney.com/bbsj/yjbb/871691.html
75,838724,精密科技,详细,0.3,4.09亿,5.41,-,3481万,-38.63,-,2.89,11.06,0.7523,25.34,10派0.80,-,09-08,http://data.eastmoney.comhttp://data.eastmoney.com/bbsj/yjbb/838724.html
76,835085,ST凯米,详细,-0.1,60.69万,-58.65,-,-113万,67.12,-,-0.26,45.12,-0.0653,61.44,不分配不转增,-,09-08,http://data.eastmoney.comhttp://data.eastmoney.com/bbsj/yjbb/835085.html
77,834259,ST中光,详细,-0.15,551万,132.42,-,-294万,35.99,-,-0.36,51.02,0.0622,71.31,不分配不转增,-,09-08,http://data.eastmoney.comhttp://data.eastmoney.com/bbsj/yjbb/834259.html
78,832225,利通科技,详细,0.59,2.62亿,-4.87,-,3056万,28.69,-,4.69,13.36,0.6161,33.65,10派1.00,-,09-08,http://data.eastmoney.comhttp://data.eastmoney.com/bbsj/yjbb/832225.html
79,605116,奥锐特,详细,0.52,5.82亿,1.08,-,1.86亿,36.03,-,2.7147,21.09,0.4997,51.30,-,医药制造,09-08,http://data.eastmoney.comhttp://data.eastmoney.com/bbsj/605116.html
80,605050,福然德,详细,0.78,54.81亿,-2.35,-,2.79亿,-5.23,-,5.0664,16.57,1.1383,9.41,-,交运物流,09-08,http://data.eastmoney.comhttp://data.eastmoney.com/bbsj/605050.html
81,601187,厦门银行,详细,0.72,45.09亿,7.73,-,17.11亿,21.41,-,6.4396,11.11,-3.2219,-,-,银行,09-08,http://data.eastmoney.comhttp://data.eastmoney.com/bbsj/601187.html
82,003010,若羽臣,详细,0.95,9.59亿,3.00,79.11,8632万,11.67,149.87,5.9575,17.25,0.1872,34.25,-,电子信息,09-08,http://data.eastmoney.comhttp://data.eastmoney.com/bbsj/003010.html
83,003003,天元股份,详细,0.62,10.04亿,-0.83,-,8269万,9.52,-,5.6216,11.75,0.5905,22.30,-,造纸印刷,09-08,http://data.eastmoney.comhttp://data.eastmoney.com/bbsj/003003.html
84,872789,龙冉股份,详细,-0.27,3048万,-13.56,-,-3532万,-34.30,-,0.24,-71.56,0.0486,18.89,不分配不转增,-,09-07,http://data.eastmoney.comhttp://data.eastmoney.com/bbsj/yjbb/872789.html
85,835670,数字人,详细,0.6,1.12亿,50.63,-,3520万,48.10,-,2.78,24.33,0.5911,68.75,10派4.00,-,09-07,http://data.eastmoney.comhttp://data.eastmoney.com/bbsj/yjbb/835670.html
86,300883,龙利得,详细,0.33,8.71亿,1.26,-,8600万,-3.10,-,3.6363,9.55,0.4518,26.70,-,造纸印刷,09-07,http://data.eastmoney.comhttp://data.eastmoney.com/bbsj/300883.html
87,003002,壶化股份,详细,0.51,5亿,9.36,-,7632万,15.89,-,4.0873,13.23,0.6257,48.22,-,化工行业,09-07,http://data.eastmoney.comhttp://data.eastmoney.com/bbsj/003002.html
88,838865,琪嘉日化,详细,-0.53,1.16亿,10.43,-,-1693万,-3098,-,0.93,-44.18,0.0614,7.59,不分配不转增,-,09-04,http://data.eastmoney.comhttp://data.eastmoney.com/bbsj/yjbb/838865.html
89,835309,凯成股份,详细,-0.15,5094万,-20.52,-,-593万,-8.15,-,0.95,-16.62,-0.2481,19.42,不分配不转增,-,09-04,http://data.eastmoney.comhttp://data.eastmoney.com/bbsj/yjbb/835309.html
90,835299,和正农牧,详细,1.39,9211万,47.26,-,2497万,34.94,-,2.64,71.34,3.9902,39.50,10送10.00,-,09-04,http://data.eastmoney.comhttp://data.eastmoney.com/bbsj/yjbb/835299.html
91,835017,中研股份,详细,0.15,1.13亿,30.75,-,1331万,6.58,-,2.3,6.55,-0.0022,43.86,10派1.10,-,09-04,http://data.eastmoney.comhttp://data.eastmoney.com/bbsj/yjbb/835017.html
92,834182,工大高科,详细,0.57,1.69亿,33.62,-,3723万,77.49,-,3.7466,12.58,0.3733,35.95,10派2.00,-,09-04,http://data.eastmoney.comhttp://data.eastmoney.com/bbsj/yjbb/834182.html
93,833586,雷诺尔,详细,-0.02,2.36亿,-22.40,-,-472万,-337.09,-,2.48,-0.94,-0.0453,41.68,10派1.00,-,09-04,http://data.eastmoney.comhttp://data.eastmoney.com/bbsj/yjbb/833586.html
94,833509,同惠电子,详细,0.4,9162万,-0.22,-,3252万,7.98,-,1.59,26.83,0.4213,60.09,10派2.50,-,09-04,http://data.eastmoney.comhttp://data.eastmoney.com/bbsj/yjbb/833509.html
95,605198,德利股份,详细,0.473,8.38亿,-21.49,-,1.69亿,23.25,-,5.3421,9.17,0.0317,31.53,-,食品饮料,09-04,http://data.eastmoney.comhttp://data.eastmoney.com/bbsj/605198.html
96,873509,大元建材,详细,0.09,8350万,-7.82,-,232万,20.27,-,1.1762,8.21,0.4976,11.86,-,-,09-03,http://data.eastmoney.comhttp://data.eastmoney.com/bbsj/yjbb/873509.html
97,839749,炬申物流,详细,0.8,7.97亿,80.02,17.57,7754万,97.89,-27.32,1.68,47.24,0.7693,16.52,不分配不转增,-,09-03,http://data.eastmoney.comhttp://data.eastmoney.com/bbsj/yjbb/839749.html
98,688551,科威尔,详细,1.03,1.69亿,21.04,-,6163万,81.50,-,3.1299,38.76,0.8238,65.13,-,专用设备,09-03,http://data.eastmoney.comhttp://data.eastmoney.com/bbsj/688551.html
99,870040,思源股份,详细,0.45,2.58亿,15.87,3.09,2100万,-11.20,-46.82,2.5,19.67,-0.4499,23.66,不分配不转增,-,09-02,http://data.eastmoney.comhttp://data.eastmoney.com/bbsj/yjbb/870040.html
100,833431,金海科技,详细,-0.23,5167万,-35.41,-,-1256万,-499.71,-,1.0776,-19.38,0.0475,16.90,-,-,09-02,http://data.eastmoney.comhttp://data.eastmoney.com/bbsj/yjbb/833431.html
101,605369,拱东医疗,详细,1.89,5.53亿,14.59,-,1.14亿,33.75,-,6.7541,31.48,2.0389,44.42,-,医疗行业,09-02,http://data.eastmoney.comhttp://data.eastmoney.com/bbsj/605369.html
102,003001,中岩大地,详细,1.76,10.24亿,34.92,-,1.29亿,39.87,-,6.9841,28.73,1.3234,23.25,-,工程建设,09-02,http://data.eastmoney.comhttp://data.eastmoney.com/bbsj/003001.html
103,003000,华文食品,详细,-,8.95亿,11.17,-,1.18亿,2.85,-,1.7904,19.62,0.5254,30.69,-,食品饮料,09-02,http://data.eastmoney.comhttp://data.eastmoney.com/bbsj/003000.html
104,873508,韫昊电器,详细,0.08,1914万,-8.53,-,28.62万,887.88,-,1.2033,6.25,-0.0645,22.68,-,-,09-01,http://data.eastmoney.comhttp://data.eastmoney.com/bbsj/yjbb/873508.html
105,833637,福建三星,详细,0.57,1.93亿,-0.01,-,4183万,17.81,-,3.92,14.62,0.7486,38.19,10派3.50,-,09-01,http://data.eastmoney.comhttp://data.eastmoney.com/bbsj/yjbb/833637.html
106,831571,ST洋股,详细,-0.2251,-,-,-,-1053万,66.67,-,0.2318,-,0,-,-,-,09-01,http://data.eastmoney.comhttp://data.eastmoney.com/bbsj/yjbb/831571.html
107,688559,海目星,详细,0.97,10.31亿,28.75,-,1.46亿,74.63,-,4.3626,25.06,0.9423,36.25,-,专用设备,09-01,http://data.eastmoney.comhttp://data.eastmoney.com/bbsj/688559.html
108,603112,华翔股份,详细,0.47,20.48亿,2.64,-,1.74亿,23.76,-,3.1362,15.98,0.2771,22.33,-,金属制品,09-01,http://data.eastmoney.comhttp://data.eastmoney.com/bbsj/603112.html
109,003006,百亚股份,详细,0.33,11.49亿,19.59,-,1.28亿,43.43,-,1.8197,20.02,0.3429,45.91,-,造纸印刷,09-01,http://data.eastmoney.comhttp://data.eastmoney.com/bbsj/003006.html
110,873200,ST容德,详细,0.0341,1793万,-19.91,-,43.2万,-28.89,-,1.1976,2.88,0.0063,15.86,不分配不转增,-,08-31,http://data.eastmoney.comhttp://data.eastmoney.com/bbsj/yjbb/873200.html
111,871642,通易航天,详细,0.525,9087万,11.99,-31.08,3262万,45.00,-80.09,1.6,36.98,0.7954,74.46,不分配不转增,-,08-31,http://data.eastmoney.comhttp://data.eastmoney.com/bbsj/yjbb/871642.html
112,870790,蓝色星际,详细,0.29,3.04亿,11.64,-,5656万,15.01,-,2.37,13.23,0.0922,53.22,不分配不转增,-,08-31,http://data.eastmoney.comhttp://data.eastmoney.com/bbsj/yjbb/870790.html
113,870645,ST火柴,详细,-0.22,2.21亿,43.10,-,-2032万,-185.90,-,1.23,-16.52,-0.0755,88.45,不分配不转增,-,08-31,http://data.eastmoney.comhttp://data.eastmoney.com/bbsj/yjbb/870645.html
114,839295,金百汇,详细,0.49,1.41亿,70.62,278.72,2560万,148.07,491.94,1.6,36.13,0.1541,33.85,不分配不转增,-,08-31,http://data.eastmoney.comhttp://data.eastmoney.com/bbsj/yjbb/839295.html
115,838790,卡尔股份,详细,0.83,3.25亿,18.78,-,4959万,15.14,-,3.64,24.33,1.1208,30.88,10派4.00,-,08-31,http://data.eastmoney.comhttp://data.eastmoney.com/bbsj/yjbb/838790.html
116,837684,英妮股份,详细,-0.93,75.69万,-99.06,-,-4670万,2462,-,1.22,1007,0.0302,-42.10,不分配不转增,-,08-31,http://data.eastmoney.comhttp://data.eastmoney.com/bbsj/yjbb/837684.html
117,836856,ST华煜,详细,-1.14,7.54万,-90.18,-,-4444万,-949.99,-,0.17,-153.14,-0.0989,30.50,不分配不转增,-,08-31,http://data.eastmoney.comhttp://data.eastmoney.com/bbsj/yjbb/836856.html
118,836464,华成智云,详细,0.65,1.18亿,18.75,-,2583万,138.28,-,2.92,24.85,-0.0842,41.53,10送4.204809转2.79519,-,08-31,http://data.eastmoney.comhttp://data.eastmoney.com/bbsj/yjbb/836464.html
119,835890,圣石激光,详细,-0.27,8460万,28.29,-,-577万,-291.45,-,1.3,-19.07,-0.4511,36.77,不分配不转增,-,08-31,http://data.eastmoney.comhttp://data.eastmoney.com/bbsj/yjbb/835890.html
120,835811,唯达技术,详细,0.57,1.19亿,45.21,-,2100万,1006,-,4.43,13.95,-0.2812,45.90,不分配不转增,-,08-31,http://data.eastmoney.comhttp://data.eastmoney.com/bbsj/yjbb/835811.html
121,835598,ST云上,详细,0.49,1.34亿,132.92,-,1838万,-1.94,-,2.44,22.23,-0.1369,20.43,不分配不转增,-,08-31,http://data.eastmoney.comhttp://data.eastmoney.com/bbsj/yjbb/835598.html
122,835457,建科集团,详细,1.02,2.96亿,59.90,-,5791万,12.42,-,6.6,16.47,0.6383,44.09,10派3.00,-,08-31,http://data.eastmoney.comhttp://data.eastmoney.com/bbsj/yjbb/835457.html
123,835334,中科迈德,详细,-0.0099,2941万,-38.65,-,-23.86万,98.78,-,0.63,-1.56,-0.088,29.77,不分配不转增,-,08-31,http://data.eastmoney.comhttp://data.eastmoney.com/bbsj/yjbb/835334.html
124,835131,世纪坐标,详细,-1.25,629万,-71.63,-,-750万,-7485,-,0.45,-118.36,0.533,15.94,不分配不转增,-,08-31,http://data.eastmoney.comhttp://data.eastmoney.com/bbsj/yjbb/835131.html
125,833427,华维设计,详细,0.8,1.9亿,20.99,-,4976万,31.56,-,1.99,38.69,0.543,46.79,不分配不转增,-,08-31,http://data.eastmoney.comhttp://data.eastmoney.com/bbsj/yjbb/833427.html
126,832958,艾芬达,详细,0.62,5.9亿,0.77,31.92,4005万,-12.20,-9.32,4.258,15.60,0.5657,27.53,不分配不转增,-,08-31,http://data.eastmoney.comhttp://data.eastmoney.com/bbsj/yjbb/832958.html
127,832885,星辰科技,详细,0.36,9507万,16.22,-,2269万,27.60,-,2.44,15.16,0.1543,53.46,10派1.80,-,08-31,http://data.eastmoney.comhttp://data.eastmoney.com/bbsj/yjbb/832885.html
128,832404,兴邦光电,详细,-0.26,5532万,-8.70,-,-610万,74.00,-,0.38,-50.35,0.3385,26.88,不分配不转增,-,08-31,http://data.eastmoney.comhttp://data.eastmoney.com/bbsj/yjbb/832404.html
129,831726,朱老六,详细,0.32,1.89亿,-9.95,-,2455万,-39.16,-,2.44,12.55,0.7518,32.00,10派2.60,-,08-31,http://data.eastmoney.comhttp://data.eastmoney.com/bbsj/yjbb/831726.html
130,688390,固德威,详细,1.56,9.45亿,13.15,-,1.03亿,83.47,-,6.3454,27.79,2.2921,40.50,-,电力行业,08-31,http://data.eastmoney.comhttp://data.eastmoney.com/bbsj/688390.html
131,605358,立昂微,详细,0.36,11.92亿,-2.53,-,1.28亿,-29.08,-,4.2053,8.77,1.0648,37.31,-,电子元件,08-31,http://data.eastmoney.comhttp://data.eastmoney.com/bbsj/605358.html
132,430242,蓝贝望,详细,-1.18,575万,-65.00,-,-2541万,-128.28,-,0.96,-76.12,-0.0545,16.09,不分配不转增,-,08-31,http://data.eastmoney.comhttp://data.eastmoney.com/bbsj/yjbb/430242.html
133,300882,万胜智能,详细,0.64,5.68亿,10.32,-,7528万,16.51,-,3.2377,21.87,1.7962,28.23,-,仪器仪表,08-31,http://data.eastmoney.comhttp://data.eastmoney.com/bbsj/300882.html
134,002491,通鼎互联,详细,-1.6829,35.39亿,-20.40,-37.40,-21.23亿,-476.08,-4769,2.28,-52.91,0.3683,17.55,不分配不转增,通讯行业,08-29,http://data.eastmoney.comhttp://data.eastmoney.com/bbsj/002491.html
135,871177,邦禾生态,详细,0.001,5962万,-45.99,133.07,6.38万,-98.78,-227.10,1.5877,0.06,-0.1902,15.05,不分配不转增,-,08-28,http://data.eastmoney.comhttp://data.eastmoney.com/bbsj/yjbb/871177.html
136,871129,天济草堂,详细,0.4752,3.2亿,-10.77,-,3327万,-24.48,-,2.49,21.46,0.4453,85.55,10派1.00,-,08-28,http://data.eastmoney.comhttp://data.eastmoney.com/bbsj/yjbb/871129.html
137,839826,飞沃科技,详细,1.92,5.26亿,92.69,-,6628万,102.14,-,8.02,37.18,0.0677,31.37,不分配不转增,-,08-28,http://data.eastmoney.comhttp://data.eastmoney.com/bbsj/yjbb/839826.html
138,837608,ST阳光坊,详细,-0.24,113万,-66.48,-,-537万,17.27,-,1.07,-19.89,0.0064,-48.48,不分配不转增,-,08-28,http://data.eastmoney.comhttp://data.eastmoney.com/bbsj/yjbb/837608.html
139,837175,轩创国际,详细,-0.76,1659万,-22.40,-,-539万,-37.78,-,0.58,-79.59,0.0762,37.37,不分配不转增,-,08-28,http://data.eastmoney.comhttp://data.eastmoney.com/bbsj/yjbb/837175.html
140,834815,巨东股份,详细,0.32,36.74亿,-9.94,-,6722万,-32.38,-,3.13,10.78,-0.8798,8.66,不分配不转增,-,08-28,http://data.eastmoney.comhttp://data.eastmoney.com/bbsj/yjbb/834815.html
141,833988,中成发展,详细,1.1,3.57亿,54.90,-,6387万,113.65,-,3.43,36.05,0.8447,33.17,10送10.00派1.00,-,08-28,http://data.eastmoney.comhttp://data.eastmoney.com/bbsj/yjbb/833988.html
142,688378,奥来德,详细,2.11,3.01亿,14.57,-,1.09亿,22.01,-,8.2248,32.35,2.5722,61.39,-,专用设备,08-28,http://data.eastmoney.comhttp://data.eastmoney.com/bbsj/688378.html
143,600145,*ST新亿,详细,0.0083,1038万,-22.44,420.14,1239万,150.28,1058,0.4156,2.04,0,78.46,不分配不转增,综合行业,08-28,http://data.eastmoney.comhttp://data.eastmoney.com/bbsj/600145.html
144,873507,华春网络,详细,0.17,1264万,31.79,-,344万,1218,-,1.261,14.65,0.3205,62.07,-,-,08-27,http://data.eastmoney.comhttp://data.eastmoney.com/bbsj/yjbb/873507.html
145,871553,凯腾精工,详细,0.39,3.41亿,3.86,7.05,4962万,141.40,228.10,1.84,22.87,0.5295,47.74,10派1.00,-,08-27,http://data.eastmoney.comhttp://data.eastmoney.com/bbsj/yjbb/871553.html
146,871376,印加股份,详细,-0.13,4821万,-32.80,-,-1363万,65.24,-,0.7,-16.93,0.3992,34.44,不分配不转增,-,08-27,http://data.eastmoney.comhttp://data.eastmoney.com/bbsj/yjbb/871376.html
147,838607,亚达系统,详细,0.43,3.67亿,53.40,-,3131万,236.44,-,1.85,25.09,0.571,29.10,不分配不转增,-,08-27,http://data.eastmoney.comhttp://data.eastmoney.com/bbsj/yjbb/838607.html
148,834520,万佳安,详细,0.97,10.6亿,109.39,-,8327万,39.57,-,9.55,11.77,0.4612,27.02,不分配不转增,-,08-27,http://data.eastmoney.comhttp://data.eastmoney.com/bbsj/yjbb/834520.html
149,833932,奥雷德,详细,0.1,1.29亿,10.21,-,2587万,-74.88,-,2.03,6.09,-0.0246,57.61,10派0.35,-,08-27,http://data.eastmoney.comhttp://data.eastmoney.com/bbsj/yjbb/833932.html
150,830917,网波股份,详细,0.07,5979万,42.25,-,300万,164.67,-,0.62,3.93,0.1609,42.41,不分配不转增,-,08-27,http://data.eastmoney.comhttp://data.eastmoney.com/bbsj/yjbb/830917.html
151,688056,莱伯泰科,详细,1.23,3.81亿,8.70,-,6132万,2.52,-,6.5346,18.79,1.0311,46.31,-,仪器仪表,08-27,http://data.eastmoney.comhttp://data.eastmoney.com/bbsj/688056.html
152,605009,豪悦护理,详细,3.94,19.53亿,34.76,-,3.15亿,70.35,-,7.9822,65.39,5.3478,30.36,-,造纸印刷,08-27,http://data.eastmoney.comhttp://data.eastmoney.com/bbsj/605009.html
153,300881,盛德鑫泰,详细,0.93,9.05亿,3.53,-,6988万,14.17,-,4.966,20.69,1.3204,17.47,-,金属制品,08-27,http://data.eastmoney.comhttp://data.eastmoney.com/bbsj/300881.html
154,300880,迦南智能,详细,0.74,4.95亿,13.48,-,7415万,33.32,-,2.8485,29.92,0.8986,28.14,-,仪器仪表,08-27,http://data.eastmoney.comhttp://data.eastmoney.com/bbsj/300880.html
155,300879,大叶股份,详细,0.68,9.88亿,26.16,-,8148万,30.34,-,3.9873,18.61,-0.362,22.49,-,机械行业,08-27,http://data.eastmoney.comhttp://data.eastmoney.com/bbsj/300879.html
156,300362,天翔环境,详细,-4.2955,4.1亿,16.84,613.83,-18.23亿,-4.51,-176.33,-3.8894,-233.82,-0.0205,8.78,不分配不转增,机械行业,08-27,http://data.eastmoney.comhttp://data.eastmoney.com/bbsj/300362.html
157,002473,ST圣莱,详细,-0.8057,9482万,-35.66,-21.78,-1.29亿,-1167,-215.63,1.057,-13.87,-0.5599,-24.31,不分配不转增,家电行业,08-27,http://data.eastmoney.comhttp://data.eastmoney.com/bbsj/002473.html
158,872180,英华融泰,详细,0.41,9428万,14.61,-,2043万,30.15,-,1.76,22.23,0.4665,57.50,10派3.125,-,08-26,http://data.eastmoney.comhttp://data.eastmoney.com/bbsj/yjbb/872180.html
159,836033,元潮科技,详细,-0.2,93.84万,-70.70,-,-624万,-227.64,-,0.82,-21.81,-0.06,87.19,不分配不转增,-,08-26,http://data.eastmoney.comhttp://data.eastmoney.com/bbsj/yjbb/836033.html
160,834343,华凯保险,详细,-0.39,3.71亿,-32.65,-,-1374万,-34.11,-,2.58,-117.62,-0.0496,15.01,不分配不转增,-,08-26,http://data.eastmoney.comhttp://data.eastmoney.com/bbsj/yjbb/834343.html
161,834221,华畅科技,详细,0.14,8484万,13.37,-,357万,-14.29,-,1.48,9.71,0.2909,25.87,10派1.00,-,08-26,http://data.eastmoney.comhttp://data.eastmoney.com/bbsj/yjbb/834221.html
162,833055,旭域股份,详细,0.49,2.66亿,29.42,-,2916万,28.09,-,3.46,15.42,0.0725,32.44,不分配不转增,-,08-26,http://data.eastmoney.comhttp://data.eastmoney.com/bbsj/yjbb/833055.html
163,688550,瑞联新材,详细,2.82,9.9亿,15.60,-,1.48亿,56.87,-,12.77,23.39,2.7442,39.67,-,材料行业,08-26,http://data.eastmoney.comhttp://data.eastmoney.com/bbsj/688550.html
164,300885,海昌新材,详细,0.99,1.83亿,8.81,-,5956万,29.36,-,5.0165,21.96,1.2397,43.55,-,金属制品,08-26,http://data.eastmoney.comhttp://data.eastmoney.com/bbsj/300885.html
165,872235,瀚天智能,详细,0.25,1.71亿,60.70,-,1358万,21.81,-,1.44,18.27,0.1146,21.65,10派1.30,-,08-25,http://data.eastmoney.comhttp://data.eastmoney.com/bbsj/yjbb/872235.html
166,837663,明阳科技,详细,0.81,1.19亿,-5.86,-,3139万,-3.18,-,3.9,22.47,0.9139,48.86,10派10.60,-,08-25,http://data.eastmoney.comhttp://data.eastmoney.com/bbsj/yjbb/837663.html
167,837212,智新电子,详细,0.68,2.51亿,5.49,-,2927万,26.39,-,4.02,18.17,1.1449,25.32,10转10.00派3.00,-,08-25,http://data.eastmoney.comhttp://data.eastmoney.com/bbsj/yjbb/837212.html
168,836976,杰思股份,详细,-0.46,1.4亿,-7.79,-,-1834万,-442.14,-,1.98,-20.95,-0.1585,15.48,不分配不转增,-,08-25,http://data.eastmoney.comhttp://data.eastmoney.com/bbsj/yjbb/836976.html
169,836961,西磁磁业,详细,0.38,8873万,2.01,-,1320万,-24.77,-,1.44,20.19,0.2901,36.04,10派0.581959,-,08-25,http://data.eastmoney.comhttp://data.eastmoney.com/bbsj/yjbb/836961.html
170,834617,飞博共创,详细,0.4,1.5亿,37.19,-,3418万,60.35,-,1.69,23.29,0.3235,53.86,10派2.906977,-,08-25,http://data.eastmoney.comhttp://data.eastmoney.com/bbsj/yjbb/834617.html
171,688513,苑东生物,详细,1.21,9.47亿,23.22,-,1.09亿,-19.56,-,7.7494,17.54,1.5759,90.25,-,医药制造,08-25,http://data.eastmoney.comhttp://data.eastmoney.com/bbsj/688513.html
172,688017,绿的谐波,详细,0.65,1.86亿,-15.32,-,5848万,-10.13,-,6.996,9.70,0.3596,49.37,-,机械行业,08-25,http://data.eastmoney.comhttp://data.eastmoney.com/bbsj/688017.html
173,603565,中谷物流,详细,1.43,99亿,22.56,-,8.58亿,55.61,-,4.9266,33.49,2.8931,12.17,-,交运设备,08-25,http://data.eastmoney.comhttp://data.eastmoney.com/bbsj/603565.html
174,600634,*ST富控,详细,7.49,9.6亿,16.71,-0.78,43.13亿,178.29,2525,1.3045,-,0.1205,76.15,不分配不转增,软件服务,08-25,http://data.eastmoney.comhttp://data.eastmoney.com/bbsj/600634.html
175,430486,普金科技,详细,-0.02,6851万,-13.72,-,-118万,79.63,-,1.58,-1.25,0.5451,46.55,不分配不转增,-,08-25,http://data.eastmoney.comhttp://data.eastmoney.com/bbsj/yjbb/430486.html
176,002998,优彩资源,详细,0.36,17.38亿,60.65,-7.22,8746万,-3.36,29.30,3.4166,11.03,0.7802,11.18,-,化纤行业,08-25,http://data.eastmoney.comhttp://data.eastmoney.com/bbsj/002998.html
177,000558,莱茵体育,详细,0.02,1.38亿,-80.38,83.95,2603万,142.59,630.11,1.0027,1.91,-0.0684,18.98,不分配不转增,房地产,08-25,http://data.eastmoney.comhttp://data.eastmoney.com/bbsj/000558.html
178,839574,中瑞医药,详细,0.86,5.42亿,18.81,-,3444万,56.20,-,3.45,29.53,-0.2276,10.94,不分配不转增,-,08-24,http://data.eastmoney.comhttp://data.eastmoney.com/bbsj/yjbb/839574.html
179,837443,蓝天集团,详细,0.3,1.84亿,21.79,-4.44,2014万,59.42,-29.74,2.43,13.27,-0.3233,36.33,不分配不转增,-,08-24,http://data.eastmoney.comhttp://data.eastmoney.com/bbsj/yjbb/837443.html
180,835721,豪恩智联,详细,0.33,2.7亿,-46.88,-,2013万,-40.18,-,2.11,15.74,0.9376,24.65,10派2.00,-,08-24,http://data.eastmoney.comhttp://data.eastmoney.com/bbsj/yjbb/835721.html
181,835463,迈思汇智,详细,-0.32,862万,-31.65,-,-161万,-3889,-,0.76,-35.06,0.2191,37.46,不分配不转增,-,08-24,http://data.eastmoney.comhttp://data.eastmoney.com/bbsj/yjbb/835463.html
182,688408,中信博,详细,1.59,22.82亿,10.04,-,1.62亿,66.85,-,8.7419,19.84,2.4858,24.18,-,机械行业,08-24,http://data.eastmoney.comhttp://data.eastmoney.com/bbsj/688408.html
183,688289,圣湘生物,详细,0.11,3.65亿,20.41,-,3948万,483.82,-,1.5485,7.28,0.0622,65.16,-,医疗行业,08-24,http://data.eastmoney.comhttp://data.eastmoney.com/bbsj/688289.html
184,688215,瑞晟智能,详细,1.49,2.47亿,48.01,-9.04,4470万,75.84,-48.38,4.1045,44.64,0.6134,41.80,-,交运物流,08-24,http://data.eastmoney.comhttp://data.eastmoney.com/bbsj/688215.html
185,002999,天禾股份,详细,0.42,90.12亿,25.33,-,7740万,-15.41,-,3.527,12.20,2.2121,8.04,-,化肥行业,08-24,http://data.eastmoney.comhttp://data.eastmoney.com/bbsj/002999.html
186,002997,瑞鹄模具,详细,0.99,10.53亿,20.89,-,1.36亿,49.57,-,3.7713,28.52,0.6388,24.87,-,专用设备,08-24,http://data.eastmoney.comhttp://data.eastmoney.com/bbsj/002997.html
187,002984,森麒麟,详细,1.28,45.79亿,9.65,-,7.41亿,51.63,-,6.2173,23.03,2.7447,32.17,-,塑胶制品,08-24,http://data.eastmoney.comhttp://data.eastmoney.com/bbsj/002984.html
188,002684,*ST猛狮,详细,0.27,13.23亿,20.24,58.82,1.52亿,105.47,399.31,0.1417,-602.23,0.9042,19.74,不分配不转增,电子元件,08-22,http://data.eastmoney.comhttp://data.eastmoney.com/bbsj/002684.html
189,873506,智慧交通,详细,0.71,7398万,13.62,-,1268万,21.24,-,1.9007,34.43,-0.2477,38.21,-,-,08-21,http://data.eastmoney.comhttp://data.eastmoney.com/bbsj/yjbb/873506.html
190,870678,讯商科技,详细,0,532万,53.87,-,2.89万,102.16,-,0.76,0.59,0.1406,48.73,不分配不转增,-,08-21,http://data.eastmoney.comhttp://data.eastmoney.com/bbsj/yjbb/870678.html
191,837375,丰江电池,详细,1.12,3亿,-0.71,-,6741万,-18.07,-,5.93,19.03,1.6332,46.05,10派5.00,-,08-21,http://data.eastmoney.comhttp://data.eastmoney.com/bbsj/yjbb/837375.html
192,831621,中镁控股,详细,0.69,7.7亿,-6.76,-,7373万,-33.72,-,6.61,11.30,0.2996,27.82,10派2.00,-,08-21,http://data.eastmoney.comhttp://data.eastmoney.com/bbsj/yjbb/831621.html
193,430539,扬子地板,详细,0.61,5.59亿,26.83,-15.76,6129万,10.78,-53.48,4.12,15.85,-0.0909,28.31,不分配不转增,-,08-21,http://data.eastmoney.comhttp://data.eastmoney.com/bbsj/yjbb/430539.html
194,002470,*ST金正,详细,-0.21,113亿,-26.95,-94.76,-6.83亿,-262.10,-2182,2.9636,-6.75,-0.3345,20.27,不分配不转增,化肥行业,08-21,http://data.eastmoney.comhttp://data.eastmoney.com/bbsj/002470.html
195,002366,台海核电,详细,-0.74,5.1亿,-63.05,-40.24,-6.43亿,-291.46,-979.08,2.6699,-24.17,0.3137,-20.19,不分配不转增,机械行业,08-21,http://data.eastmoney.comhttp://data.eastmoney.com/bbsj/002366.html
196,873505,太基建设,详细,0.15,1.3亿,-9.88,-,484万,-30.48,-,1.5919,16.40,0.3581,18.13,-,-,08-20,http://data.eastmoney.comhttp://data.eastmoney.com/bbsj/yjbb/873505.html
197,872093,大地牧业,详细,1.91,6.89亿,48.20,-,1.19亿,88.67,-,2.3,107.83,2.491,24.09,不分配不转增,-,08-20,http://data.eastmoney.comhttp://data.eastmoney.com/bbsj/yjbb/872093.html
198,870241,二五八,详细,-0.45,7130万,48.33,-,-1893万,39.17,-,0.52,-113.99,-0.0871,83.54,不分配不转增,-,08-20,http://data.eastmoney.comhttp://data.eastmoney.com/bbsj/yjbb/870241.html
199,837331,嘉德股份,详细,0.41,1.75亿,5.23,15.82,5975万,17.32,73.57,1.74,25.19,0.4382,43.32,不分配不转增,-,08-20,http://data.eastmoney.comhttp://data.eastmoney.com/bbsj/yjbb/837331.html
200,835996,亿源药业,详细,0.3,1.54亿,26.30,-,1366万,-5.68,-,3.07,9.81,0.1462,14.33,不分配不转增,-,08-20,http://data.eastmoney.comhttp://data.eastmoney.com/bbsj/yjbb/835996.html
201,835847,金钻石油,详细,0.15,2.01亿,166.75,-,622万,141.79,-,2.18,7.16,0.0151,11.69,不分配不转增,-,08-20,http://data.eastmoney.comhttp://data.eastmoney.com/bbsj/yjbb/835847.html
202,835291,力尊信通,详细,0.6,4.97亿,35.05,-,2683万,27.16,-,3.36,19.14,0.4491,15.79,不分配不转增,-,08-20,http://data.eastmoney.comhttp://data.eastmoney.com/bbsj/yjbb/835291.html
203,832648,ST万峰,详细,0.02,16.64亿,59.96,-,1300万,113.22,-,0.88,1.95,-0.2335,13.88,不分配不转增,-,08-20,http://data.eastmoney.comhttp://data.eastmoney.com/bbsj/yjbb/832648.html
204,688095,福昕软件,详细,2.0536,3.69亿,31.35,26.35,7414万,92.62,64.57,9.0752,24.96,3.162,94.82,-,软件服务,08-20,http://data.eastmoney.comhttp://data.eastmoney.com/bbsj/688095.html
205,605006,山东玻纤,详细,0.37,18.11亿,0.44,-,1.46亿,-13.35,-,3.3939,11.39,-0.1029,28.36,-,玻璃陶瓷,08-20,http://data.eastmoney.comhttp://data.eastmoney.com/bbsj/605006.html
206,871044,中科希望,详细,0.01,2.26亿,51.31,-,40.32万,39.07,-,1.07,1.31,0.2933,11.69,不分配不转增,-,08-19,http://data.eastmoney.comhttp://data.eastmoney.com/bbsj/yjbb/871044.html
207,836898,龙泰新材,详细,0.97,1.04亿,8.30,-,1159万,110.22,-,3.89,27.14,0.1849,27.70,10派1.00,-,08-19,http://data.eastmoney.comhttp://data.eastmoney.com/bbsj/yjbb/836898.html
208,835692,力王高科,详细,0.44,2.21亿,61.40,-,2052万,60.26,-,2.69,17.72,0.4139,27.17,10送2.00转3.00,-,08-19,http://data.eastmoney.comhttp://data.eastmoney.com/bbsj/yjbb/835692.html
209,832445,世博新材,详细,0.0269,1.02亿,-16.28,-,141万,-60.43,-,1.46,1.85,0.2564,8.91,不分配不转增,-,08-19,http://data.eastmoney.comhttp://data.eastmoney.com/bbsj/yjbb/832445.html
210,688356,键凯科技,详细,1.37,1.34亿,32.64,-,6154万,69.68,-,4.8967,31.51,1.1334,84.30,-,化工行业,08-19,http://data.eastmoney.comhttp://data.eastmoney.com/bbsj/688356.html
211,603155,新亚强,详细,1.88,6.02亿,-7.39,-,2.19亿,3.92,-,5.7017,37.88,1.8245,49.50,-,化工行业,08-19,http://data.eastmoney.comhttp://data.eastmoney.com/bbsj/603155.html
212,300878,维康药业,详细,2.09,6.42亿,11.11,-,1.26亿,43.56,-,8.6168,27.58,1.8691,73.86,-,医药制造,08-19,http://data.eastmoney.comhttp://data.eastmoney.com/bbsj/300878.html
213,300877,金春股份,详细,0.98,8.38亿,-3.03,-,8841万,21.80,-,5.5297,19.50,1.0058,21.86,-,纺织服装,08-19,http://data.eastmoney.comhttp://data.eastmoney.com/bbsj/300877.html
214,832532,大亚股份,详细,0.14,6.83亿,6.58,13.29,1623万,253.95,-185.36,2.37,6.24,0.2311,18.97,不分配不转增,-,08-18,http://data.eastmoney.comhttp://data.eastmoney.com/bbsj/yjbb/832532.html
215,830837,古城香业,详细,0.29,1.58亿,2.58,34.28,4513万,38.68,6.30,3,10.12,0.4303,42.95,10派4.00,-,08-18,http://data.eastmoney.comhttp://data.eastmoney.com/bbsj/yjbb/830837.html
216,830817,鼎炬科技,详细,-0.14,942万,-40.55,-,-287万,18.50,-,0.58,-21.92,-0.0347,52.18,不分配不转增,-,08-18,http://data.eastmoney.comhttp://data.eastmoney.com/bbsj/yjbb/830817.html
217,601702,华峰铝业,详细,0.25,35.9亿,5.10,-,1.84亿,9.44,-,2.0245,12.95,0.1978,17.02,-,有色金属,08-18,http://data.eastmoney.comhttp://data.eastmoney.com/bbsj/601702.html
218,300876,蒙泰高新,详细,0.96,3.79亿,11.12,-,6880万,17.10,-,3.4209,30.73,1.1891,28.21,-,化纤行业,08-18,http://data.eastmoney.comhttp://data.eastmoney.com/bbsj/300876.html
219,300873,海晨股份,详细,1.2842,9.2亿,13.97,-,1.28亿,61.50,-,6.4928,21.34,1.4647,27.76,-,交运物流,08-18,http://data.eastmoney.comhttp://data.eastmoney.com/bbsj/300873.html
220,300872,天阳科技,详细,0.64,10.62亿,35.85,-,1.08亿,22.79,-,5.6046,12.17,-0.1237,36.06,-,软件服务,08-18,http://data.eastmoney.comhttp://data.eastmoney.com/bbsj/300872.html
221,002996,顺博合金,详细,0.44,43.53亿,2.45,-,1.68亿,16.89,-,3.2956,14.10,0.422,7.33,-,有色金属,08-18,http://data.eastmoney.comhttp://data.eastmoney.com/bbsj/002996.html
222,002740,爱迪尔,详细,-0.69,19.41亿,3.43,-54.84,-3亿,-1165,-1576,5.4596,22.71,-0.0737,22.91,不分配不转增,珠宝首饰,08-18,http://data.eastmoney.comhttp://data.eastmoney.com/bbsj/002740.html
223,002517,恺英网络,详细,-0.8809,20.37亿,-10.81,17.83,-18.94亿,-968.47,-8002,1.3244,-49.98,0.1518,71.16,不分配不转增,电子信息,08-18,http://data.eastmoney.comhttp://data.eastmoney.com/bbsj/002517.html
224,871081,东亚股份,详细,0.39,2.8亿,150.74,-,3099万,2698,-,1.48,29.75,0.0679,26.00,不分配不转增,-,08-17,http://data.eastmoney.comhttp://data.eastmoney.com/bbsj/yjbb/871081.html
225,870462,ST万方,详细,-0.1,533万,-67.65,-,-231万,-97.62,-,0.27,-3.48,0.0424,64.38,不分配不转增,-,08-17,http://data.eastmoney.comhttp://data.eastmoney.com/bbsj/yjbb/870462.html
226,836261,闻道网络,详细,1.22,1.47亿,51.36,-,3859万,83.45,-,3.42,41.55,0.8961,56.58,10派5.00,-,08-17,http://data.eastmoney.comhttp://data.eastmoney.com/bbsj/yjbb/836261.html
227,834599,同力股份,详细,1.5069,25.38亿,26.67,-,2.41亿,56.72,-,1.91,36.43,1.0312,21.71,10送15.00派1.00,-,08-17,http://data.eastmoney.comhttp://data.eastmoney.com/bbsj/yjbb/834599.html
228,831092,乾元泽孚,详细,0.21,1.24亿,46.17,-,1882万,48.05,-,1.53,15.80,0.0497,40.61,不分配不转增,-,08-17,http://data.eastmoney.comhttp://data.eastmoney.com/bbsj/yjbb/831092.html
229,830881,圣泉集团,详细,-,58.82亿,-4.96,-,4.71亿,-9.93,-,6.95,10.21,0.8991,29.95,10派1.50,-,08-17,http://data.eastmoney.comhttp://data.eastmoney.com/bbsj/yjbb/830881.html
230,300870,欧陆通,详细,1.48,13.13亿,19.09,-,1.12亿,92.01,-,6.0929,27.72,1.2058,21.55,-,电子元件,08-17,http://data.eastmoney.comhttp://data.eastmoney.com/bbsj/300870.html
231,300065,海兰信,详细,0.26,8.12亿,5.53,52.11,1.03亿,-2.43,-60.50,4.5664,5.92,-0.1006,36.20,10派0.30,船舶制造,08-17,http://data.eastmoney.comhttp://data.eastmoney.com/bbsj/300065.html
232,600569,安阳钢铁,详细,0.096,298亿,-10.07,-25.22,2.56亿,-86.19,-195.66,3.4404,2.78,0.2815,9.84,10派0.50,钢铁行业,08-15,http://data.eastmoney.comhttp://data.eastmoney.com/bbsj/600569.html
233,872688,ST经纬云,详细,-0.17,-,-,-,-579万,-55.44,-,0.76,-19.83,0.1366,-,不分配不转增,-,08-14,http://data.eastmoney.comhttp://data.eastmoney.com/bbsj/yjbb/872688.html
234,870848,柏亚股份,详细,0.03,5.05亿,76.86,-,161万,-57.87,-,1.16,2.76,-0.3434,1.39,不分配不转增,-,08-14,http://data.eastmoney.comhttp://data.eastmoney.com/bbsj/yjbb/870848.html
235,836117,铁强环保,详细,-0.05,9587万,79.08,-,-788万,58.88,-,0.61,-8.24,0.0364,13.44,不分配不转增,-,08-14,http://data.eastmoney.comhttp://data.eastmoney.com/bbsj/yjbb/836117.html
236,835622,ST欢乐,详细,-0.55,3784万,-57.78,-,-1622万,-164.43,-,4.8974,-11.11,-0.2128,-12.74,不分配不转增,-,08-14,http://data.eastmoney.comhttp://data.eastmoney.com/bbsj/yjbb/835622.html
237,833474,利扬芯片,详细,0.61,2.32亿,67.66,-,6084万,281.98,-,4.43,15.56,1.4794,52.99,不分配不转增,-,08-14,http://data.eastmoney.comhttp://data.eastmoney.com/bbsj/yjbb/833474.html
238,830931,仁会生物,详细,-1.59,5687万,108.14,30.78,-2.62亿,-22.85,-37.66,0.97,-225.63,-1.2336,58.44,不分配不转增,-,08-14,http://data.eastmoney.comhttp://data.eastmoney.com/bbsj/yjbb/830931.html
239,688596,正帆科技,详细,0.45,11.86亿,28.79,-,8302万,38.29,-,3.4788,13.72,0.4426,25.35,-,专用设备,08-14,http://data.eastmoney.comhttp://data.eastmoney.com/bbsj/688596.html
240,688393,安必平,详细,1.06,3.55亿,15.95,-,7399万,20.36,-,6.3326,17.46,1.282,83.69,-,医疗行业,08-14,http://data.eastmoney.comhttp://data.eastmoney.com/bbsj/688393.html
241,300869,康泰医学,详细,0.2,3.87亿,6.78,-,7378万,18.94,-,1.6165,14.49,0.1392,47.23,-,医疗行业,08-14,http://data.eastmoney.comhttp://data.eastmoney.com/bbsj/300869.html
242,300868,杰美特,详细,1.37,8.29亿,28.20,-,1.31亿,113.98,-,5.2829,29.62,1.6976,39.10,-,塑胶制品,08-14,http://data.eastmoney.comhttp://data.eastmoney.com/bbsj/300868.html
243,300867,圣元环保,详细,1.067,8.88亿,22.17,-,2.17亿,3.49,-,5.9117,19.83,2.1782,46.13,-,环保工程,08-14,http://data.eastmoney.comhttp://data.eastmoney.com/bbsj/300867.html
244,838934,叙简科技,详细,-0.68,8504万,-23.94,-,-2337万,-468.51,-,0.57,-60.09,-0.0423,54.89,不分配不转增,-,08-13,http://data.eastmoney.comhttp://data.eastmoney.com/bbsj/yjbb/838934.html
245,688521,芯原股份,详细,-0.1,13.4亿,26.71,-,-4117万,39.28,-,2.211,-5.47,-0.1505,40.16,-,软件服务,08-13,http://data.eastmoney.comhttp://data.eastmoney.com/bbsj/688521.html
246,688379,华光新材,详细,0.9,7.67亿,14.53,-,5932万,20.01,-,7.685,12.42,-2.2747,19.80,-,金属制品,08-13,http://data.eastmoney.comhttp://data.eastmoney.com/bbsj/688379.html
247,300866,安克创新,详细,1.97,66.55亿,27.19,-,7.21亿,68.85,-,5.3748,44.20,1.0492,49.91,-,电子元件,08-13,http://data.eastmoney.comhttp://data.eastmoney.com/bbsj/300866.html
248,300865,大宏立,详细,1.08,5.28亿,23.31,-,7726万,-,-,5.7275,19.86,0.6207,35.17,-,专用设备,08-13,http://data.eastmoney.comhttp://data.eastmoney.com/bbsj/300865.html
249,300863,卡倍亿,详细,1.46,9.13亿,-14.52,-,6035万,-2.87,-,7.5193,21.46,2.1591,14.98,-,汽车行业,08-13,http://data.eastmoney.comhttp://data.eastmoney.com/bbsj/300863.html
250,833135,中源智人,详细,-0.59,102万,-96.99,-,-2869万,-41.27,-,0.41,-83.65,-0.0023,40.62,不分配不转增,-,08-12,http://data.eastmoney.comhttp://data.eastmoney.com/bbsj/yjbb/833135.html
251,605255,天普股份,详细,0.78,3.45亿,-21.15,-,7806万,-23.58,-,5.088,16.52,1.3282,41.66,-,塑胶制品,08-12,http://data.eastmoney.comhttp://data.eastmoney.com/bbsj/605255.html
252,600338,西藏珠峰,详细,0.6565,22.34亿,9.19,93.05,6亿,-33.37,-53.55,2.9969,24.46,1.0689,53.28,不分配不转增,有色金属,08-12,http://data.eastmoney.comhttp://data.eastmoney.com/bbsj/600338.html
253,430698,康普常青,详细,-0.04,2547万,53.03,-,-227万,-209.46,-,1.72,-2.11,0.0615,71.79,不分配不转增,-,08-12,http://data.eastmoney.comhttp://data.eastmoney.com/bbsj/yjbb/430698.html
254,400023,南洋5,详细,0.03,1.09亿,35.70,-23.97,799万,50.41,254.57,0.2,16.00,0.003,7.37,不分配不转增,-,08-12,http://data.eastmoney.comhttp://data.eastmoney.com/bbsj/yjbb/400023.html
255,002071,*ST长城,详细,-1.7981,4.91亿,-66.08,33.13,-9.45亿,-128.06,-3070,-1.469,0.00,0.4454,24.65,不分配不转增,文化传媒,08-12,http://data.eastmoney.comhttp://data.eastmoney.com/bbsj/002071.html
256,872458,美悦股份,详细,-0.17,9480万,17.63,-,-1172万,-102.95,-,0.94,-16.66,0.2189,16.80,不分配不转增,-,08-11,http://data.eastmoney.comhttp://data.eastmoney.com/bbsj/yjbb/872458.html
257,870447,柯菲平,详细,0.686,7.74亿,3.37,-,2.5亿,11.28,-,2.63,27.32,0.7825,67.66,10派5.00,-,08-11,http://data.eastmoney.comhttp://data.eastmoney.com/bbsj/yjbb/870447.html
258,833524,光晟物联,详细,-0.62,1.62亿,658.54,-,-1672万,-15.86,-,0.5,-126.42,-0.64,-1.66,不分配不转增,-,08-11,http://data.eastmoney.comhttp://data.eastmoney.com/bbsj/yjbb/833524.html
259,832421,恐龙谷,详细,-0.1134,3710万,8.10,-,-1247万,-544.99,-,1.56,-7.01,0.2691,18.22,不分配不转增,-,08-11,http://data.eastmoney.comhttp://data.eastmoney.com/bbsj/yjbb/832421.html
260,831415,城兴股份,详细,0.33,1.4亿,21.59,-,3242万,-1.72,-,2.87,12.37,-0.2961,73.06,不分配不转增,-,08-11,http://data.eastmoney.comhttp://data.eastmoney.com/bbsj/yjbb/831415.html
261,688569,铁科轨道,详细,0.92,12.65亿,12.99,-,1.46亿,23.03,-,5.8645,16.57,0.0169,35.39,-,机械行业,08-11,http://data.eastmoney.comhttp://data.eastmoney.com/bbsj/688569.html
262,688229,博睿数据,详细,1.83,1.65亿,7.40,-,6104万,16.62,-,6.123,33.29,1.5379,80.70,-,软件服务,08-11,http://data.eastmoney.comhttp://data.eastmoney.com/bbsj/688229.html
263,605128,上海沿浦,详细,1.47,8.14亿,-2.43,-,8838万,9.84,-,8.5323,18.90,2.1305,23.48,-,汽车行业,08-11,http://data.eastmoney.comhttp://data.eastmoney.com/bbsj/605128.html
264,605008,长鸿高科,详细,-,11.57亿,13.39,-,2.15亿,18.77,-,2.4357,23.96,0.4259,27.64,-,化工行业,08-11,http://data.eastmoney.comhttp://data.eastmoney.com/bbsj/605008.html
265,300862,蓝盾光电,详细,1.54,7.78亿,21.69,-,1.53亿,112.85,-,5.9601,29.78,1,38.30,-,仪器仪表,08-11,http://data.eastmoney.comhttp://data.eastmoney.com/bbsj/300862.html
266,002160,常铝股份,详细,0.03,43.31亿,4.66,15.03,2198万,105.11,165.84,3.8037,0.75,0.3382,15.42,不分配不转增,有色金属,08-11,http://data.eastmoney.comhttp://data.eastmoney.com/bbsj/002160.html
267,871091,豪能科技,详细,0.3,6.73亿,21.53,-,3956万,55.23,-,2.17,13.41,0.1288,21.32,不分配不转增,-,08-10,http://data.eastmoney.comhttp://data.eastmoney.com/bbsj/yjbb/871091.html
268,838548,主线文化,详细,-0.36,1412万,-39.65,-,-724万,13.78,-,0.04,-189.77,0.0924,24.05,不分配不转增,-,08-10,http://data.eastmoney.comhttp://data.eastmoney.com/bbsj/yjbb/838548.html
269,832800,赛特斯,详细,0.25,8.18亿,23.60,347.30,1.04亿,-41.94,403.64,2.85,9.30,0.0101,68.18,不分配不转增,-,08-10,http://data.eastmoney.comhttp://data.eastmoney.com/bbsj/yjbb/832800.html
270,832049,广德环保,详细,0.3,2.46亿,60.97,-,1218万,132.14,-,2,17.87,0.1984,12.69,不分配不转增,-,08-10,http://data.eastmoney.comhttp://data.eastmoney.com/bbsj/yjbb/832049.html
271,300860,锋尚文化,详细,4.7,9.12亿,59.26,-,2.54亿,86.59,-,11.64,50.56,3.2408,40.62,-,文化传媒,08-10,http://data.eastmoney.comhttp://data.eastmoney.com/bbsj/300860.html
272,300551,古鳌科技,详细,0.41,4.66亿,77.45,82.44,4496万,255.33,72.04,5.2227,7.99,0.591,44.50,10转8.00派0.45,专用设备,08-08,http://data.eastmoney.comhttp://data.eastmoney.com/bbsj/300551.html
273,002770,ST科迪,详细,-0.16,5.66亿,-55.99,-260.75,-1.75亿,-235.51,-343.89,1.4404,-10.45,0.0373,-0.20,不分配不转增,食品饮料,08-08,http://data.eastmoney.comhttp://data.eastmoney.com/bbsj/002770.html
274,900921,丹科B股,详细,-0.4258,12.3亿,-14.21,263.74,-4.33亿,-21143,-83.66,1.664,-22.68,0.0071,1.01,不分配不转增,化工行业,08-07,http://data.eastmoney.comhttp://data.eastmoney.com/bbsj/900921.html
275,838275,驱动力,详细,0.21,9843万,-51.93,-,2126万,-39.94,-,1.62,13.54,0.2628,41.53,10派1.50,-,08-07,http://data.eastmoney.comhttp://data.eastmoney.com/bbsj/yjbb/838275.html
276,832354,益运股份,详细,0.38,2.57亿,7.46,-,2035万,5.90,-,3.8,9.78,1.2139,20.07,不分配不转增,-,08-07,http://data.eastmoney.comhttp://data.eastmoney.com/bbsj/yjbb/832354.html
277,605178,时空科技,详细,3.88,10.44亿,-9.98,-,2.05亿,-10.47,-,17.08,25.80,-4.3209,41.17,-,装修装饰,08-07,http://data.eastmoney.comhttp://data.eastmoney.com/bbsj/605178.html
278,873385,四季青,详细,0.23,7181万,29.60,-,638万,87.59,-,1.42,16.86,-0.2682,24.99,不分配不转增,-,08-06,http://data.eastmoney.comhttp://data.eastmoney.com/bbsj/yjbb/873385.html
279,870431,鑫度武术,详细,-0.45,574万,-40.46,-,-447万,43.74,-,0.53,-59.15,-0.2075,33.94,不分配不转增,-,08-06,http://data.eastmoney.comhttp://data.eastmoney.com/bbsj/yjbb/870431.html
280,834766,中实能源,详细,0.77,1.3亿,2430,-,387万,444.69,-,0.86,163.55,-0.3397,4.76,不分配不转增,-,08-06,http://data.eastmoney.comhttp://data.eastmoney.com/bbsj/yjbb/834766.html
281,688313,仕佳光子,详细,-0.0039,5.46亿,5.49,-,-158万,86.77,-,1.6141,-0.24,0.1604,24.81,-,通讯行业,08-06,http://data.eastmoney.comhttp://data.eastmoney.com/bbsj/688313.html
282,688185,康希诺,详细,-0.76,228万,-18.80,1384,-1.57亿,-13.39,-166.22,6.6046,-12.48,-0.6928,93.54,-,医药制造,08-06,http://data.eastmoney.comhttp://data.eastmoney.com/bbsj/688185.html
283,600545,卓郎智能,详细,0.3218,85.75亿,-7.00,37.01,6.09亿,-24.90,171.17,2.6078,12.69,-0.1333,29.74,不分配不转增,专用设备,08-06,http://data.eastmoney.comhttp://data.eastmoney.com/bbsj/600545.html
284,836667,乐创教育,详细,-0.11,1250万,14.01,-,39.78万,128.68,-,0.11,46.94,-0.5299,40.76,不分配不转增,-,08-05,http://data.eastmoney.comhttp://data.eastmoney.com/bbsj/yjbb/836667.html
285,836477,元延医药,详细,-0.1,530万,-28.39,-,-811万,40.03,-,0.64,-38.26,-0.1726,24.42,不分配不转增,-,08-05,http://data.eastmoney.comhttp://data.eastmoney.com/bbsj/yjbb/836477.html
286,831067,根力多,详细,0.12,5.18亿,23.50,0.84,953万,-43.65,-546.28,4.68,2.40,0.5561,20.79,不分配不转增,-,08-05,http://data.eastmoney.comhttp://data.eastmoney.com/bbsj/yjbb/831067.html
287,688155,先惠技术,详细,1.2772,3.65亿,12.20,-,7193万,155.81,-,7.1012,20.16,1.3743,46.11,-,专用设备,08-05,http://data.eastmoney.comhttp://data.eastmoney.com/bbsj/688155.html
288,605388,均瑶健康,详细,0.82,12.46亿,-3.18,-,2.95亿,16.34,-,2.6154,36.06,0.9812,52.68,-,食品饮料,08-05,http://data.eastmoney.comhttp://data.eastmoney.com/bbsj/605388.html
289,605123,派克新材,详细,1.9988,8.84亿,35.42,-,1.62亿,48.51,-,8.0373,28.40,1.8686,32.55,-,金属制品,08-05,http://data.eastmoney.comhttp://data.eastmoney.com/bbsj/605123.html
290,605003,众望布艺,详细,1.88,4.88亿,14.92,-,1.24亿,38.46,-,5.1765,42.51,2.0858,42.51,-,纺织服装,08-05,http://data.eastmoney.comhttp://data.eastmoney.com/bbsj/605003.html
291,430016,ST胜龙,详细,-0.05,71.97万,-58.56,-,-148万,-62.96,-,-0.1538,0.00,-0.0341,12.53,不分配不转增,-,08-05,http://data.eastmoney.comhttp://data.eastmoney.com/bbsj/yjbb/430016.html
292,837585,千玉股份,详细,0.09,6551万,82.82,-,265万,-75.72,-,1.65,5.37,-0.5031,19.22,不分配不转增,-,08-04,http://data.eastmoney.comhttp://data.eastmoney.com/bbsj/yjbb/837585.html
293,836736,敏芯微,详细,1.53,2.84亿,12.39,-,5948万,11.70,-,7.1469,27.68,1.0666,38.62,-,-,08-04,http://data.eastmoney.comhttp://data.eastmoney.com/bbsj/yjbb/836736.html
294,300875,捷强装备,详细,1.65,2.45亿,43.89,-,9513万,53.70,-,5.8444,32.91,3.2155,56.79,-,专用设备,08-04,http://data.eastmoney.comhttp://data.eastmoney.com/bbsj/300875.html
295,200413,东旭B,详细,-0.27,175亿,-37.87,21.30,-15.23亿,-170.41,-1014,5.3446,-4.83,-0.5258,15.76,不分配不转增,电子元件,08-04,http://data.eastmoney.comhttp://data.eastmoney.com/bbsj/200413.html
296,002280,*ST联络,详细,-1.49,125亿,-10.87,-54.53,-32.35亿,-383.83,-32166,0.8458,-91.11,-0.0473,15.81,不分配不转增,软件服务,08-04,http://data.eastmoney.comhttp://data.eastmoney.com/bbsj/002280.html
297,836826,盖世食品,详细,0.68,2.3亿,20.79,-,3093万,57.16,-,1.9,41.89,0.6347,28.33,10送3.00转1.00派1.50,-,08-03,http://data.eastmoney.comhttp://data.eastmoney.com/bbsj/yjbb/836826.html
298,300871,回盛生物,详细,0.83,4.27亿,1.27,-,6877万,-3.69,-,4.5682,19.37,1.2709,38.31,-,医药制造,08-03,http://data.eastmoney.comhttp://data.eastmoney.com/bbsj/300871.html
299,300864,南大环境,详细,3.05,4.23亿,37.08,-,1.1亿,81.61,-,5.3693,74.74,4.0361,44.93,-,环保工程,08-03,http://data.eastmoney.comhttp://data.eastmoney.com/bbsj/300864.html
300,603166,福达股份,详细,0.24,15.15亿,7.83,40.38,1.33亿,18.90,227.25,3.6124,6.69,0.5838,24.22,10派1.50,汽车行业,08-01,http://data.eastmoney.comhttp://data.eastmoney.com/bbsj/603166.html
301,600855,航天长峰,详细,0.1076,25.92亿,10.00,215.45,4269万,-58.02,29.52,3.8483,2.98,0.5691,22.02,10派0.30,安防设备,08-01,http://data.eastmoney.comhttp://data.eastmoney.com/bbsj/600855.html
302,002592,ST八菱,详细,-1.53,7.51亿,5.75,23.62,-4.06亿,-5688,-12538,5.1333,-24.52,1.416,15.49,不分配不转增,汽车行业,08-01,http://data.eastmoney.comhttp://data.eastmoney.com/bbsj/002592.html
303,873503,东科石英,详细,0.04,6292万,2.47,-,208万,174.53,-,1.1062,3.90,0.1156,28.50,-,-,07-31,http://data.eastmoney.comhttp://data.eastmoney.com/bbsj/yjbb/873503.html
304,873502,三英新材,详细,0.03,1.1亿,-19.46,-,103万,-50.84,-,1.0647,2.65,1.7891,16.50,-,-,07-31,http://data.eastmoney.comhttp://data.eastmoney.com/bbsj/yjbb/873502.html
305,873501,蓝奥科技,详细,0.24,4101万,57.62,-,166万,392.83,-,1.1017,33.95,-0.5309,35.38,-,-,07-31,http://data.eastmoney.comhttp://data.eastmoney.com/bbsj/yjbb/873501.html
306,873500,博克斯,详细,0.36,8780万,-6.68,-,1518万,-54.17,-,1.7741,22.60,0.6313,66.24,-,-,07-31,http://data.eastmoney.comhttp://data.eastmoney.com/bbsj/yjbb/873500.html
307,873499,赛晖科技,详细,0.26,1.65亿,-13.37,-,527万,99.12,-,1.758,16.21,0.3248,18.32,-,-,07-31,http://data.eastmoney.comhttp://data.eastmoney.com/bbsj/yjbb/873499.html
308,871298,华浩环保,详细,0.22,3.63亿,44.60,-,2505万,35.07,-,1.95,11.86,-0.2643,29.05,不分配不转增,-,07-31,http://data.eastmoney.comhttp://data.eastmoney.com/bbsj/yjbb/871298.html
309,837607,上海环境,详细,-0.27,7894万,10.59,-,-534万,-38.45,-,0.98,-23.90,-0.0774,8.85,不分配不转增,-,07-31,http://data.eastmoney.comhttp://data.eastmoney.com/bbsj/yjbb/837607.html
310,835666,天亿马,详细,1.36,2.76亿,40.34,-,4811万,49.92,-,6,24.06,0.0088,37.78,10派4.00,-,07-31,http://data.eastmoney.comhttp://data.eastmoney.com/bbsj/yjbb/835666.html
311,834401,苏河汇,详细,-0.08,3819万,99.14,-,-217万,-299.35,-,1.99,-3.52,-0.4755,-,不分配不转增,-,07-31,http://data.eastmoney.comhttp://data.eastmoney.com/bbsj/yjbb/834401.html
312,831807,维克液压,详细,0.76,3.1亿,49.27,-,4763万,49.92,-,2.47,31.36,0.3844,30.63,10派5.00,-,07-31,http://data.eastmoney.comhttp://data.eastmoney.com/bbsj/yjbb/831807.html
313,688556,高测股份,详细,0.27,7.14亿,17.73,-,3202万,-40.18,-,3.2426,9.39,0.126,35.64,-,专用设备,07-31,http://data.eastmoney.comhttp://data.eastmoney.com/bbsj/688556.html
314,430178,白虹软件,详细,-1.03,3043万,-77.27,-,-6103万,-1117,-,1.96,-41.45,-0.2941,69.77,不分配不转增,-,07-31,http://data.eastmoney.comhttp://data.eastmoney.com/bbsj/yjbb/430178.html
315,002993,奥海科技,详细,1.63,23.16亿,39.42,-,2.22亿,94.80,-,5.7847,32.94,2.2482,20.79,-,电子元件,07-31,http://data.eastmoney.comhttp://data.eastmoney.com/bbsj/002993.html
316,000570,苏常柴A,详细,0.0445,20.46亿,-4.08,1.92,2497万,-59.75,421.51,3.7602,1.21,-0.0362,16.19,不分配不转增,机械行业,07-31,http://data.eastmoney.comhttp://data.eastmoney.com/bbsj/000570.html
317,873498,小护士,详细,0.1033,1.26亿,339.99,-,430万,184.36,-,1.06,10.80,0.1864,30.17,-,-,07-30,http://data.eastmoney.comhttp://data.eastmoney.com/bbsj/yjbb/873498.html
318,839879,丰亿港营,详细,0.69,1.2亿,28.92,-,971万,-0.44,-,3.6,25.26,-1.9899,14.66,10派2.40,-,07-30,http://data.eastmoney.comhttp://data.eastmoney.com/bbsj/yjbb/839879.html
319,831701,万龙电气,详细,0.03,1.73亿,-14.18,-,231万,-69.01,-,3.21,1.24,-0.0064,50.74,10派1.00,-,07-30,http://data.eastmoney.comhttp://data.eastmoney.com/bbsj/yjbb/831701.html
320,605366,宏柏新材,详细,0.63,10.14亿,0.08,-,1.57亿,-9.84,-,3.2483,21.50,0.8886,32.15,-,化工行业,07-30,http://data.eastmoney.comhttp://data.eastmoney.com/bbsj/605366.html
321,603931,格林达,详细,1.34,5.25亿,2.33,-,1.02亿,14.54,-,6.8487,21.41,1.8741,40.60,-,化工行业,07-30,http://data.eastmoney.comhttp://data.eastmoney.com/bbsj/603931.html
322,600759,洲际油气,详细,0.0247,27.84亿,-16.31,20.38,5600万,-19.57,34.58,2.3698,1.05,0.3592,71.27,不分配不转增,石油行业,07-30,http://data.eastmoney.comhttp://data.eastmoney.com/bbsj/600759.html
323,600198,大唐电信,详细,-1.0195,14.31亿,-38.96,38.96,-8.99亿,-259.54,-67.35,0.038,-,0.3024,27.93,不分配不转增,通讯行业,07-30,http://data.eastmoney.comhttp://data.eastmoney.com/bbsj/600198.html
324,835737,传神语联,详细,0.38,3.76亿,6.02,-,2538万,-53.39,-,3.02,11.02,0.0184,48.71,不分配不转增,-,07-29,http://data.eastmoney.comhttp://data.eastmoney.com/bbsj/yjbb/835737.html
325,834592,ST一乘,详细,-0.99,2.94亿,-13.72,-,-2.08亿,49.28,-,-0.64,-688.29,0.1891,-2.73,不分配不转增,-,07-29,http://data.eastmoney.comhttp://data.eastmoney.com/bbsj/yjbb/834592.html
326,832305,东利机械,详细,0.45,3.83亿,16.49,-,4926万,17.55,-,3.15,14.68,0.8156,34.78,不分配不转增,-,07-29,http://data.eastmoney.comhttp://data.eastmoney.com/bbsj/yjbb/832305.html
327,688338,赛科希德,详细,1.19,2.3亿,14.73,-,7104万,25.26,-,6.1189,23.79,0.9952,59.41,-,医疗行业,07-29,http://data.eastmoney.comhttp://data.eastmoney.com/bbsj/688338.html
328,688055,龙腾光电,详细,0.082,38.49亿,3.31,7.04,2.45亿,-15.10,282.52,1.045,8.14,0.1926,17.04,-,电子元件,07-29,http://data.eastmoney.comhttp://data.eastmoney.com/bbsj/688055.html
329,871444,永信药品,详细,0.11,3.11亿,30.12,-,1345万,200.57,-,1.31,9.00,0.2359,73.22,10派0.80,-,07-28,http://data.eastmoney.comhttp://data.eastmoney.com/bbsj/yjbb/871444.html
330,834114,明尚德,详细,0.57,1.64亿,26.13,-,2001万,110.25,-,2.57,22.04,0.5655,33.91,10派1.50,-,07-28,http://data.eastmoney.comhttp://data.eastmoney.com/bbsj/yjbb/834114.html
331,831095,中网科技,详细,-0.17,2459万,49.22,-,-205万,56.70,-,0.77,-19.72,-0.039,4.49,不分配不转增,-,07-28,http://data.eastmoney.comhttp://data.eastmoney.com/bbsj/yjbb/831095.html
332,688586,江航装备,详细,0.37,6.74亿,2.04,-,1.13亿,59.18,-,2.6563,15.77,0.2958,40.57,-,航天航空,07-28,http://data.eastmoney.comhttp://data.eastmoney.com/bbsj/688586.html
333,688519,南亚新材,详细,0.86,17.58亿,-4.34,-,1.51亿,34.72,-,3.817,24.66,0.7003,18.46,-,电子元件,07-28,http://data.eastmoney.comhttp://data.eastmoney.com/bbsj/688519.html
334,688335,复洁环保,详细,1.23,3.43亿,82.01,-21.73,6415万,93.94,-40.40,4.5576,35.00,-0.7123,35.12,-,环保工程,07-28,http://data.eastmoney.comhttp://data.eastmoney.com/bbsj/688335.html
335,605100,华丰股份,详细,2.4,11.57亿,24.63,-,1.56亿,39.14,-,12.42,20.16,1.8728,24.50,-,机械行业,07-28,http://data.eastmoney.comhttp://data.eastmoney.com/bbsj/605100.html
336,605066,天正电气,详细,0.65,22.01亿,4.64,-,2.16亿,55.87,-,2.5066,30.01,0.8594,30.11,-,输配电气,07-28,http://data.eastmoney.comhttp://data.eastmoney.com/bbsj/605066.html
337,600226,*ST瀚叶,详细,-0.22,8.05亿,-18.00,-27.52,-6.73亿,-574.88,-1440,1.1298,-17.10,-0.0326,35.05,不分配不转增,农药兽药,07-28,http://data.eastmoney.comhttp://data.eastmoney.com/bbsj/600226.html
338,430457,三网科技,详细,0.0361,5557万,20.17,173.88,182万,108.08,-678.46,1.38,2.54,-0.2193,41.34,不分配不转增,-,07-28,http://data.eastmoney.comhttp://data.eastmoney.com/bbsj/yjbb/430457.html
339,873497,壹木能源,详细,0.05,1589万,1.93,-,16.61万,126.96,-,1.1625,4.62,-0.3199,8.64,-,-,07-27,http://data.eastmoney.comhttp://data.eastmoney.com/bbsj/yjbb/873497.html
340,873495,思创科技,详细,0.65,2.73亿,-5.53,-,3233万,-21.44,-,1.693,47.65,0.5806,25.03,-,-,07-27,http://data.eastmoney.comhttp://data.eastmoney.com/bbsj/yjbb/873495.html
341,873493,莱易信产,详细,0.75,2031万,79.73,-,487万,329.35,-,1.38,38.06,0.2893,68.44,-,-,07-27,http://data.eastmoney.comhttp://data.eastmoney.com/bbsj/yjbb/873493.html
342,873460,山鼎环境,详细,0.39,5564万,96.69,-,390万,970.23,-,1.25,39.05,0.0139,28.35,-,-,07-27,http://data.eastmoney.comhttp://data.eastmoney.com/bbsj/yjbb/873460.html
343,873039,金梓环境,详细,-0.66,768万,-67.78,-,-781万,-75.56,-,1.44,-72.20,-0.5509,29.48,不分配不转增,-,07-27,http://data.eastmoney.comhttp://data.eastmoney.com/bbsj/yjbb/873039.html
344,839805,中德生物,详细,0.7,1.12亿,7.26,744.14,2058万,2.57,579.62,4.35,17.26,0.1336,61.33,不分配不转增,-,07-27,http://data.eastmoney.comhttp://data.eastmoney.com/bbsj/yjbb/839805.html
345,839164,兴华设计,详细,0.54,1.01亿,32.87,-,1629万,-18.66,-,3.63,16.10,0.2747,47.12,10派3.40,-,07-27,http://data.eastmoney.comhttp://data.eastmoney.com/bbsj/yjbb/839164.html
346,838862,汀兰股份,详细,-0.07,815万,-59.01,-,-179万,47.68,-,0.96,-7.04,0.4115,5.63,不分配不转增,-,07-27,http://data.eastmoney.comhttp://data.eastmoney.com/bbsj/yjbb/838862.html
347,400059,天珑5,详细,0.05,77.42亿,11.36,33.42,9959万,-46.65,-129.96,1.4365,3.40,-0.0839,15.22,不分配不转增,-,07-27,http://data.eastmoney.comhttp://data.eastmoney.com/bbsj/yjbb/400059.html
348,300861,美畅股份,详细,1.13,11.93亿,-44.70,-,4.08亿,-60.20,-,3.8197,29.25,0.9767,55.46,-,材料行业,07-27,http://data.eastmoney.comhttp://data.eastmoney.com/bbsj/300861.html
349,600610,ST毅达,详细,0.0243,1.99亿,-,-,2598万,105.16,2120,0.0414,-5.52,0.0601,23.01,不分配不转增,园林工程,07-25,http://data.eastmoney.comhttp://data.eastmoney.com/bbsj/600610.html
350,873496,崤云信息,详细,0.17,8005万,10210,-,1739万,220.47,-,0.9992,19.06,0.3987,58.15,-,-,07-24,http://data.eastmoney.comhttp://data.eastmoney.com/bbsj/yjbb/873496.html
351,873492,群业科技,详细,0.01,4935万,-36.48,-,18.49万,-97.65,-,1.56,0.66,-0.9995,21.27,-,-,07-24,http://data.eastmoney.comhttp://data.eastmoney.com/bbsj/yjbb/873492.html
352,870446,ST恒泰,详细,-0.21,160万,-74.96,-,-415万,30.69,-,0.14,-84.72,0.012,-172.39,不分配不转增,-,07-24,http://data.eastmoney.comhttp://data.eastmoney.com/bbsj/yjbb/870446.html
353,839719,宁新新材,详细,0.78,2.29亿,32.05,19.29,4810万,-3.35,-18.41,5.42,17.15,-0.2948,40.29,不分配不转增,-,07-24,http://data.eastmoney.comhttp://data.eastmoney.com/bbsj/yjbb/839719.html
354,833745,恐龙园,详细,0.58,6.53亿,12.63,-,9670万,10.48,-,5.38,11.52,1.301,41.46,不分配不转增,-,07-24,http://data.eastmoney.comhttp://data.eastmoney.com/bbsj/yjbb/833745.html
355,831083,东润环能,详细,0.06,9487万,14.14,-39.92,525万,139.36,-1014,3.07,2.12,0.531,58.00,不分配不转增,-,07-24,http://data.eastmoney.comhttp://data.eastmoney.com/bbsj/yjbb/831083.html
356,688065,凯赛生物,详细,1.32,19.16亿,9.05,-30.91,4.79亿,2.70,-10.97,12.38,13.13,0.9589,44.63,-,材料行业,07-24,http://data.eastmoney.comhttp://data.eastmoney.com/bbsj/688065.html
357,688050,爱博医疗,详细,0.85,1.95亿,53.73,-,6576万,223.80,-,7.8321,11.41,0.6404,85.69,-,医疗行业,07-24,http://data.eastmoney.comhttp://data.eastmoney.com/bbsj/688050.html
358,430604,三炬生物,详细,-0.21,3148万,0.80,-,-836万,11.18,-,0.69,-26.84,0.0606,43.23,不分配不转增,-,07-24,http://data.eastmoney.comhttp://data.eastmoney.com/bbsj/yjbb/430604.html
359,300859,西域旅游,详细,0.63,2.41亿,25.31,-,7355万,44.25,-,3.5794,18.57,1.011,59.74,-,旅游酒店,07-24,http://data.eastmoney.comhttp://data.eastmoney.com/bbsj/300859.html
360,002648,卫星石化,详细,1.2,108亿,7.47,-3.73,12.73亿,35.31,-4.01,8.6728,14.76,1.2691,26.11,10派1.80,化工行业,07-24,http://data.eastmoney.comhttp://data.eastmoney.com/bbsj/002648.html
361,871195,皇封参,详细,0.44,1.35亿,-29.48,722.41,3513万,-30.87,1583,5.39,8.50,-0.2714,51.15,不分配不转增,-,07-23,http://data.eastmoney.comhttp://data.eastmoney.com/bbsj/yjbb/871195.html
362,836490,天工科股,详细,0.98,1.3亿,205.92,-,1929万,279.32,-,5.26,19.66,0.4564,38.22,不分配不转增,-,07-23,http://data.eastmoney.comhttp://data.eastmoney.com/bbsj/yjbb/836490.html
363,836422,润普食品,详细,0.31,3.7亿,25.94,-,1625万,0.90,-,2.15,14.73,0.1633,13.88,不分配不转增,-,07-23,http://data.eastmoney.comhttp://data.eastmoney.com/bbsj/yjbb/836422.html
364,000611,ST天首,详细,0.0369,4655万,149.32,-11.52,1245万,108.93,267.78,1.1916,3.18,0.0188,11.18,不分配不转增,煤炭采选,07-23,http://data.eastmoney.comhttp://data.eastmoney.com/bbsj/000611.html
365,839145,海洋股份,详细,0.06,4932万,-1.29,-,113万,173.73,-,1.12,5.18,0.2559,26.27,不分配不转增,-,07-22,http://data.eastmoney.comhttp://data.eastmoney.com/bbsj/yjbb/839145.html
366,836690,悦泰物流,详细,0.14,6156万,-12.62,129.35,316万,621.59,3573,1.91,7.45,0.2365,14.47,不分配不转增,-,07-22,http://data.eastmoney.comhttp://data.eastmoney.com/bbsj/yjbb/836690.html
367,832748,豫新股份,详细,-0.07,1326万,12.09,-,-121万,-97.72,-,0.15,-39.70,0.0659,42.98,不分配不转增,-,07-22,http://data.eastmoney.comhttp://data.eastmoney.com/bbsj/yjbb/832748.html
368,605399,晨光新材,详细,0.86,6.9亿,2.93,-,1.19亿,-11.62,-,3.2336,29.84,0.5986,30.60,-,化工行业,07-22,http://data.eastmoney.comhttp://data.eastmoney.com/bbsj/605399.html
369,430144,煦联得,详细,0.078,7803万,81.12,-,530万,423.41,-,0.8832,9.23,0.1417,21.05,不分配不转增,-,07-22,http://data.eastmoney.comhttp://data.eastmoney.com/bbsj/yjbb/430144.html
370,300147,香雪制药,详细,0.12,27.86亿,11.26,21.96,7997万,41.70,-133.67,5.2789,2.31,0.1255,31.61,10派0.46,医药制造,07-22,http://data.eastmoney.comhttp://data.eastmoney.com/bbsj/300147.html
371,002992,宝明科技,详细,1.4,18.37亿,33.38,-,1.44亿,17.68,-,7.5384,20.07,1.8291,20.12,-,电子元件,07-22,http://data.eastmoney.comhttp://data.eastmoney.com/bbsj/002992.html
372,834982,远东国兰,详细,0.31,1.29亿,25.97,-,3749万,111.12,-,2.57,13.00,-0.0428,39.42,不分配不转增,-,07-21,http://data.eastmoney.comhttp://data.eastmoney.com/bbsj/yjbb/834982.html
373,833706,博远高科,详细,-0.44,201万,-,-,-916万,-68.66,-,0.32,-81.35,0.0005,14.44,不分配不转增,-,07-21,http://data.eastmoney.comhttp://data.eastmoney.com/bbsj/yjbb/833706.html
374,688339,亿华通,详细,1.25,5.54亿,50.25,654.41,6392万,176.50,1287,19.95,6.74,-3.2149,45.12,-,电子元件,07-21,http://data.eastmoney.comhttp://data.eastmoney.com/bbsj/688339.html
375,600671,*ST目药,详细,0.41,2.97亿,-17.13,10.45,5011万,607.38,1301,0.8706,61.75,1.3231,49.69,不分配不转增,医药制造,07-21,http://data.eastmoney.comhttp://data.eastmoney.com/bbsj/600671.html
376,873491,赫岩科技,详细,0.31,5112万,276.35,-,208万,390.83,-,1.1645,30.09,0.2904,17.35,不分配不转增,-,07-20,http://data.eastmoney.comhttp://data.eastmoney.com/bbsj/yjbb/873491.html
377,873489,美农生物,详细,1.14,2.8亿,5.32,-,3411万,33.02,-,7.23,15.89,1.726,38.55,-,-,07-20,http://data.eastmoney.comhttp://data.eastmoney.com/bbsj/yjbb/873489.html
378,836070,龙翔电气,详细,0.02,6637万,-38.69,-,163万,-66.86,-,1.35,1.75,0.0985,22.45,不分配不转增,-,07-20,http://data.eastmoney.comhttp://data.eastmoney.com/bbsj/yjbb/836070.html
379,835602,筑想科技,详细,-1.2942,2096万,-27.75,-,-1694万,-2436,-,1.34,-83.60,-1.8618,31.98,不分配不转增,-,07-20,http://data.eastmoney.comhttp://data.eastmoney.com/bbsj/yjbb/835602.html
380,834912,三好教育,详细,-0.56,2793万,-54.53,-,-1857万,-32.80,-,0.58,-65.58,-0.0817,26.43,不分配不转增,-,07-20,http://data.eastmoney.comhttp://data.eastmoney.com/bbsj/yjbb/834912.html
381,833105,华通科技,详细,0.34,8815万,113.01,-,1746万,1071,-,2.45,14.81,0.9171,28.08,10转2.00派1.00,-,07-20,http://data.eastmoney.comhttp://data.eastmoney.com/bbsj/yjbb/833105.html
382,831171,海纳川,详细,-0.6,2.49亿,-12.47,-,-5489万,-279.34,-,3.07,-17.85,-0.0579,16.38,不分配不转增,-,07-20,http://data.eastmoney.comhttp://data.eastmoney.com/bbsj/yjbb/831171.html
383,688561,奇安信,详细,-0.9,31.54亿,73.61,-,-4.95亿,43.22,-,8.6943,-12.11,-1.9283,56.72,-,电子信息,07-20,http://data.eastmoney.comhttp://data.eastmoney.com/bbsj/688561.html
384,605318,法狮龙,详细,0.87,4.8亿,-7.20,-,8467万,3.22,-,4.364,22.26,1.0685,36.03,-,装修装饰,07-20,http://data.eastmoney.comhttp://data.eastmoney.com/bbsj/605318.html
385,601456,国联证券,详细,0.27,16.19亿,63.62,-,5.21亿,930.57,-,4.2406,6.64,1.9958,-,-,券商信托,07-20,http://data.eastmoney.comhttp://data.eastmoney.com/bbsj/601456.html
386,002995,天地在线,详细,2.0422,23.93亿,2.05,-,9905万,15.34,-,9.0284,25.63,2.3612,11.58,-,电子信息,07-20,http://data.eastmoney.comhttp://data.eastmoney.com/bbsj/002995.html
387,000766,通化金马,详细,-2.11,19.77亿,-5.60,17.59,-20.42亿,-717.15,-5597,2.7221,-57.92,0.0775,82.81,不分配不转增,医药制造,07-20,http://data.eastmoney.comhttp://data.eastmoney.com/bbsj/000766.html
388,600739,辽宁成大,详细,0.78,177亿,-7.94,-18.27,11.89亿,55.13,-51.96,14.1,5.74,0.5752,14.88,10派1.00,国际贸易,07-18,http://data.eastmoney.comhttp://data.eastmoney.com/bbsj/600739.html
389,600343,航天动力,详细,-0.1281,26.52亿,40.46,-9.22,-8175万,-455.00,-1197,3.281,-3.80,-0.215,8.50,不分配不转增,机械行业,07-18,http://data.eastmoney.comhttp://data.eastmoney.com/bbsj/600343.html
390,002377,国创高新,详细,0.3347,51.38亿,12.37,-5.35,3.07亿,-1.72,-25.96,5.8648,5.85,0.4777,15.71,10派1.50,房地产,07-18,http://data.eastmoney.comhttp://data.eastmoney.com/bbsj/002377.html
391,871481,中运科技,详细,0.48,1.27亿,24.13,-50.88,2985万,19.30,-165.42,2.94,20.83,0.2994,49.53,不分配不转增,-,07-17,http://data.eastmoney.comhttp://data.eastmoney.com/bbsj/yjbb/871481.html
392,837242,建邦股份,详细,1.5,3.81亿,-13.31,-,4671万,-19.68,-,6.83,24.57,2.2238,27.18,10派3.00,-,07-17,http://data.eastmoney.comhttp://data.eastmoney.com/bbsj/yjbb/837242.html
393,836263,中航泰达,详细,0.28,4.64亿,6.67,226.33,2912万,-25.23,-49.40,2.5,10.62,-0.6749,23.83,10派1.9053,-,07-17,http://data.eastmoney.comhttp://data.eastmoney.com/bbsj/yjbb/836263.html
394,835368,连城数控,详细,1.69,9.72亿,-7.67,266.67,1.61亿,-2.13,2140,11.15,16.44,-0.4504,34.77,不分配不转增,-,07-17,http://data.eastmoney.comhttp://data.eastmoney.com/bbsj/yjbb/835368.html
395,833994,翰博高新,详细,2.0625,23.8亿,-13.78,-3.42,1.22亿,59.69,42.99,11.56,19.69,4.1839,18.61,不分配不转增,-,07-17,http://data.eastmoney.comhttp://data.eastmoney.com/bbsj/yjbb/833994.html
396,831961,创远仪器,详细,0.44,2.2亿,2.22,-,3161万,25.69,-,5.1,8.88,1.4542,46.03,10派0.50,-,07-17,http://data.eastmoney.comhttp://data.eastmoney.com/bbsj/yjbb/831961.html
397,688508,芯朋微,详细,0.84,3.35亿,7.30,17.62,6617万,23.65,33.47,5.5239,20.40,0.588,39.75,-,电子信息,07-17,http://data.eastmoney.comhttp://data.eastmoney.com/bbsj/688508.html
398,688336,三生国健,详细,0.43,11.77亿,3.08,-,2.29亿,-37.97,-,5.1714,7.22,1.0596,87.60,-,医药制造,07-17,http://data.eastmoney.comhttp://data.eastmoney.com/bbsj/688336.html
399,688077,大地熊,详细,0.97,6.31亿,7.74,-,5800万,39.82,-,6.1859,16.78,0.8734,23.53,-,材料行业,07-17,http://data.eastmoney.comhttp://data.eastmoney.com/bbsj/688077.html
400,605158,华达新材,详细,0.65,54.84亿,4.42,-,1.91亿,54.27,-,3.1863,22.66,0.5801,8.94,-,金属制品,07-17,http://data.eastmoney.comhttp://data.eastmoney.com/bbsj/605158.html
401,605118,力鼎光电,详细,0.5,4.65亿,-11.58,-,1.81亿,-9.39,-,1.6928,34.39,0.6156,51.55,-,电子元件,07-17,http://data.eastmoney.comhttp://data.eastmoney.com/bbsj/605118.html
402,603408,建霖家居,详细,0.83,33.93亿,-3.87,-,3.34亿,-0.21,-,3.7198,28.60,1.1434,29.46,-,装修装饰,07-17,http://data.eastmoney.comhttp://data.eastmoney.com/bbsj/603408.html
403,430198,微创光电,详细,0.87,1.67亿,9.20,121.13,4965万,16.58,273.54,4.81,19.55,-0.0591,61.12,10派1.00,-,07-17,http://data.eastmoney.comhttp://data.eastmoney.com/bbsj/yjbb/430198.html
404,000803,*ST北能,详细,-1.5086,2353万,-95.21,2.56,-1.93亿,-2467,-880.92,-0.8672,-2062,0.3547,31.24,不分配不转增,综合行业,07-17,http://data.eastmoney.comhttp://data.eastmoney.com/bbsj/000803.html
405,873490,硕而博,详细,0.12,8061万,-19.51,-,308万,4.10,-,1.37,7.49,0.0632,25.86,-,-,07-16,http://data.eastmoney.comhttp://data.eastmoney.com/bbsj/yjbb/873490.html
406,871883,五峰材料,详细,0.001,5973万,-8.50,-,150万,-77.72,-,1.13,0.10,-0.0565,17.96,不分配不转增,-,07-16,http://data.eastmoney.comhttp://data.eastmoney.com/bbsj/yjbb/871883.html
407,871163,润康生态,详细,0.32,1.1亿,-13.13,-,1964万,-17.94,-,2.27,14.01,0.535,45.27,10派1.60,-,07-16,http://data.eastmoney.comhttp://data.eastmoney.com/bbsj/yjbb/871163.html
408,836433,大唐药业,详细,0.51,2.25亿,33.26,103.89,5421万,34.59,148.17,2.26,25.53,0.2995,72.44,10派4.00,-,07-16,http://data.eastmoney.comhttp://data.eastmoney.com/bbsj/yjbb/836433.html
409,835640,富士达,详细,0.7393,5.18亿,31.98,-,5830万,175.04,-,3.78,21.36,0.5684,31.46,10派3.00,-,07-16,http://data.eastmoney.comhttp://data.eastmoney.com/bbsj/yjbb/835640.html
410,834475,三友科技,详细,0.75,3.2亿,74.43,70.91,3232万,28.91,220.77,4.06,20.11,0.5002,21.65,10派1.80,-,07-16,http://data.eastmoney.comhttp://data.eastmoney.com/bbsj/yjbb/834475.html
411,834415,恒拓开源,详细,0.3,2.79亿,6.34,20.10,2483万,24.50,-59.84,2.26,13.16,-0.1384,40.33,不分配不转增,-,07-16,http://data.eastmoney.comhttp://data.eastmoney.com/bbsj/yjbb/834415.html
412,834239,长联来福,详细,0.02,2.46亿,-23.03,-,265万,-86.70,-,2.44,0.92,0.2112,60.08,不分配不转增,-,07-16,http://data.eastmoney.comhttp://data.eastmoney.com/bbsj/yjbb/834239.html
413,832278,鹿得医疗,详细,0.35,3.04亿,3.43,23.27,3254万,60.43,-2.66,2.15,15.84,0.5405,26.92,不分配不转增,-,07-16,http://data.eastmoney.comhttp://data.eastmoney.com/bbsj/yjbb/832278.html
414,832186,惠尔顿,详细,0.27,1.23亿,-1.62,-,1071万,3860,-,1.27,23.50,0.4844,39.51,10派0.50,-,07-16,http://data.eastmoney.comhttp://data.eastmoney.com/bbsj/yjbb/832186.html
415,830964,润农节水,详细,0.25,4.65亿,6.99,117.72,5114万,6.05,77.64,2.52,11.12,0.2225,27.85,不分配不转增,-,07-16,http://data.eastmoney.comhttp://data.eastmoney.com/bbsj/yjbb/830964.html
416,830946,森萱医药,详细,0.2878,5.07亿,31.71,12.09,1.06亿,125.32,34.06,1.41,21.52,0.3328,44.47,10派0.60,-,07-16,http://data.eastmoney.comhttp://data.eastmoney.com/bbsj/yjbb/830946.html
417,603039,泛微网络,详细,0.95,12.86亿,28.14,78.96,1.4亿,22.05,204.33,5.9393,17.39,1.57,96.26,10转4.00派1.50,软件服务,07-16,http://data.eastmoney.comhttp://data.eastmoney.com/bbsj/603039.html
418,600984,建设机械,详细,0.6106,32.51亿,45.98,8.32,5.05亿,208.65,-36.28,4.5886,14.57,0.8128,40.37,不分配不转增,机械行业,07-16,http://data.eastmoney.comhttp://data.eastmoney.com/bbsj/600984.html
419,873488,景灿股份,详细,-0.0703,1362万,5.19,-,-35.17万,-453.79,-,1.08,-6.31,0.0704,23.09,-,-,07-15,http://data.eastmoney.comhttp://data.eastmoney.com/bbsj/yjbb/873488.html
420,873486,树茂盛,详细,0.11,4763万,135.17,-,39.05万,150.56,-,1.0947,10.34,2.659,3.04,-,-,07-15,http://data.eastmoney.comhttp://data.eastmoney.com/bbsj/yjbb/873486.html
421,871814,捷通铁路,详细,0.88,2.58亿,17.99,-,4590万,8.87,-,5.28,18.12,0.3161,40.36,不分配不转增,-,07-15,http://data.eastmoney.comhttp://data.eastmoney.com/bbsj/yjbb/871814.html
422,871122,喀什银行,详细,0.31,5.02亿,6.27,-,1.57亿,95.02,-,2.81,11.04,1.5759,-,10派0.80,-,07-15,http://data.eastmoney.comhttp://data.eastmoney.com/bbsj/yjbb/871122.html
423,839729,永顺生物,详细,0.83,3.31亿,-15.15,-31.99,6345万,-38.64,-39.90,7.96,10.36,0.3016,63.42,不分配不转增,-,07-15,http://data.eastmoney.comhttp://data.eastmoney.com/bbsj/yjbb/839729.html
424,834021,流金岁月,详细,0.28,6.98亿,12.79,333.66,5117万,-7.21,345.56,2.3,12.79,0.2393,18.07,10派2.00,-,07-15,http://data.eastmoney.comhttp://data.eastmoney.com/bbsj/yjbb/834021.html
425,834019,大自然,详细,0.52,5.12亿,2.96,-2.53,6256万,60.75,125.48,5.3,10.43,0.381,35.39,不分配不转增,-,07-15,http://data.eastmoney.comhttp://data.eastmoney.com/bbsj/yjbb/834019.html
426,832317,观典防务,详细,0.35,1.46亿,39.53,0.91,4170万,102.74,48.48,2.78,13.50,0.2654,51.61,不分配不转增,-,07-15,http://data.eastmoney.comhttp://data.eastmoney.com/bbsj/yjbb/832317.html
427,831010,凯添燃气,详细,0.36,3.55亿,20.98,-,6122万,48.24,-,1.82,22.50,0.8805,27.50,10派3.00,-,07-15,http://data.eastmoney.comhttp://data.eastmoney.com/bbsj/yjbb/831010.html
428,605333,沪光股份,详细,0.28,16.32亿,8.05,-,1.01亿,0.15,-,1.4894,20.09,0.0464,16.47,-,汽车行业,07-15,http://data.eastmoney.comhttp://data.eastmoney.com/bbsj/605333.html
429,603766,隆鑫通用,详细,0.3,107亿,-4.94,16.37,6.23亿,-32.25,-96.52,3.3741,9.35,0.5387,19.32,10派1.00,机械行业,07-15,http://data.eastmoney.comhttp://data.eastmoney.com/bbsj/603766.html
430,600179,*ST安通,详细,-2.9416,50.5亿,-49.79,-6.30,-43.74亿,-989.94,-430.30,-0.6601,-364.12,0.1342,-21.41,不分配不转增,交运物流,07-15,http://data.eastmoney.comhttp://data.eastmoney.com/bbsj/600179.html
431,300806,斯迪克,详细,1.23,14.33亿,6.47,-12.34,1.11亿,45.26,-16.80,9.2417,14.56,0.8331,25.92,10派1.00,材料行业,07-15,http://data.eastmoney.comhttp://data.eastmoney.com/bbsj/300806.html
432,873487,嘉源检测,详细,-0.038,2309万,-6.26,-,-60.35万,-110.95,-,1.41,-2.70,0.2181,38.99,-,-,07-14,http://data.eastmoney.comhttp://data.eastmoney.com/bbsj/yjbb/873487.html
433,873465,欧亚合成,详细,0.05,3.01亿,2.89,20.15,264万,45.96,850.10,1.32,4.03,0.035,7.10,-,-,07-14,http://data.eastmoney.comhttp://data.eastmoney.com/bbsj/yjbb/873465.html
434,870874,国民银行,详细,0.09,9584万,-10.94,-,797万,-15.69,-,2.86,3.33,2.6361,-,不分配不转增,-,07-14,http://data.eastmoney.comhttp://data.eastmoney.com/bbsj/yjbb/870874.html
435,870225,华聪股份,详细,1.22,1.49亿,40.92,-,2786万,21.16,-,5.28,25.57,0.8602,49.56,10派3.00,-,07-14,http://data.eastmoney.comhttp://data.eastmoney.com/bbsj/yjbb/870225.html
436,839122,隆华新材,详细,0.26,20.26亿,12.90,-,9332万,75.77,-,1.61,17.64,0.4354,9.15,不分配不转增,-,07-14,http://data.eastmoney.comhttp://data.eastmoney.com/bbsj/yjbb/839122.html
437,834136,仙果科技,详细,-0.42,3147万,-74.40,-,-2478万,-84.57,-,1.99,-19.27,0.0396,-10.81,不分配不转增,-,07-14,http://data.eastmoney.comhttp://data.eastmoney.com/bbsj/yjbb/834136.html
438,833632,荣信教育,详细,0.73,4.02亿,14.69,-,4517万,9.21,-,5.68,13.99,-0.1738,38.78,10派1.60,-,07-14,http://data.eastmoney.comhttp://data.eastmoney.com/bbsj/yjbb/833632.html
439,832850,大泽电极,详细,0.14,2.31亿,5.54,46.32,728万,1250,-168.59,1.09,13.95,0.4138,12.79,不分配不转增,-,07-14,http://data.eastmoney.comhttp://data.eastmoney.com/bbsj/yjbb/832850.html
440,831367,红山河,详细,0.3,2亿,31.10,126.80,3215万,93.44,749.65,1.79,18.01,0.0755,24.09,不分配不转增,-,07-14,http://data.eastmoney.comhttp://data.eastmoney.com/bbsj/yjbb/831367.html
441,688580,伟思医疗,详细,1.95,3.19亿,53.47,-,9972万,57.37,-,4.8624,47.03,2.7599,73.71,-,医疗行业,07-14,http://data.eastmoney.comhttp://data.eastmoney.com/bbsj/688580.html
442,688311,盟升电子,详细,0.86,2.83亿,39.79,-,7306万,126.35,-,6.0538,15.78,0.3125,65.91,-,电子信息,07-14,http://data.eastmoney.comhttp://data.eastmoney.com/bbsj/688311.html
443,688256,寒武纪,详细,-3.27,4.44亿,279.35,-,-11.79亿,-2772,-,12.1,-39.28,-0.5605,68.19,-,电子元件,07-14,http://data.eastmoney.comhttp://data.eastmoney.com/bbsj/688256.html
444,605088,冠盛股份,详细,1,19.45亿,11.02,-,1.19亿,25.46,-,6.3824,16.90,1.3862,25.38,-,汽车行业,07-14,http://data.eastmoney.comhttp://data.eastmoney.com/bbsj/605088.html
445,300858,科拓生物,详细,1.51,3.08亿,-3.08,-,9328万,1.48,-,6.4606,26.41,1.5879,51.11,-,食品饮料,07-14,http://data.eastmoney.comhttp://data.eastmoney.com/bbsj/300858.html
446,000887,中鼎股份,详细,0.49,117亿,-5.40,35.52,6.02亿,-46.03,-98.83,7.1216,6.91,1.3458,25.34,10派2.00,塑胶制品,07-14,http://data.eastmoney.comhttp://data.eastmoney.com/bbsj/000887.html
447,000679,*ST友谊,详细,-0.92,7.76亿,-28.67,19.53,-3.26亿,21.38,-205.29,1.7117,-42.19,-0.0222,15.31,不分配不转增,商业百货,07-14,http://data.eastmoney.comhttp://data.eastmoney.com/bbsj/000679.html
448,873485,中天青鼎,详细,0.11,5510万,-5.07,-,421万,19.99,-,1.23,14.60,-0.7903,21.95,-,-,07-13,http://data.eastmoney.comhttp://data.eastmoney.com/bbsj/yjbb/873485.html
449,839366,沥高科技,详细,0.41,2.42亿,18.67,-,2662万,86.70,-,2.8,15.34,0.9864,32.64,10派2.35,-,07-13,http://data.eastmoney.comhttp://data.eastmoney.com/bbsj/yjbb/839366.html
450,836185,利伟生物,详细,-0.1086,2483万,23.50,-,-434万,-6164,-,0.88,-11.63,0.054,18.28,不分配不转增,-,07-13,http://data.eastmoney.comhttp://data.eastmoney.com/bbsj/yjbb/836185.html
451,835184,国源科技,详细,0.46,3.22亿,1.33,31.01,4571万,11.38,170.22,4,11.24,0.8219,40.64,10派2.00,-,07-13,http://data.eastmoney.comhttp://data.eastmoney.com/bbsj/yjbb/835184.html
452,833266,生物谷,详细,0.75,5.58亿,1.38,60.29,9117万,26.19,305.57,7.54,10.38,-0.2976,80.11,不分配不转增,-,07-13,http://data.eastmoney.comhttp://data.eastmoney.com/bbsj/yjbb/833266.html
453,833260,万辰生物,详细,0.8,4.51亿,31.57,-,9219万,165.38,-,3,25.46,1.5399,29.35,10派3.50,-,07-13,http://data.eastmoney.comhttp://data.eastmoney.com/bbsj/yjbb/833260.html
454,831370,新安洁,详细,0.21,6.08亿,28.65,11.94,5136万,61.21,48.87,1.65,13.49,-0.0464,21.52,10派0.40,-,07-13,http://data.eastmoney.comhttp://data.eastmoney.com/bbsj/yjbb/831370.html
455,830806,亚锦科技,详细,0.05,28.48亿,3.19,-,1.75亿,-42.27,-,0.29,13.87,0.2338,54.30,10派0.39997,-,07-13,http://data.eastmoney.comhttp://data.eastmoney.com/bbsj/yjbb/830806.html
456,688981,中芯国际,详细,0.34,220亿,-4.34,-,17.94亿,140.04,-,7.6718,4.25,1.5677,20.83,-,电子元件,07-13,http://data.eastmoney.comhttp://data.eastmoney.com/bbsj/688981.html
457,688500,慧辰资讯,详细,1.091,3.84亿,6.58,-,6079万,-0.75,-,10.73,10.72,0.1305,39.12,-,电子信息,07-13,http://data.eastmoney.comhttp://data.eastmoney.com/bbsj/688500.html
458,605222,起帆电缆,详细,0.95,76.47亿,20.95,-,3.33亿,32.67,-,4.4465,23.94,0.3738,10.80,-,输配电气,07-13,http://data.eastmoney.comhttp://data.eastmoney.com/bbsj/605222.html
459,300857,协创数据,详细,0.62,15.56亿,32.05,-,9528万,40.29,-,4.1358,16.07,0.7894,14.86,-,电子信息,07-13,http://data.eastmoney.comhttp://data.eastmoney.com/bbsj/300857.html
460,300855,图南股份,详细,0.68,4.84亿,11.54,-,1.02亿,37.38,-,3.2344,23.17,0.7997,32.76,-,金属制品,07-13,http://data.eastmoney.comhttp://data.eastmoney.com/bbsj/300855.html
461,002991,甘源食品,详细,2.4,11.09亿,21.69,-,1.68亿,40.14,-,7.2142,38.89,3.3849,41.60,10派10.70,食品饮料,07-13,http://data.eastmoney.comhttp://data.eastmoney.com/bbsj/002991.html
462,002650,ST加加,详细,0.14,20.4亿,14.05,25.78,1.62亿,40.86,204.57,2.0285,7.20,0.0416,27.01,10派0.35,食品饮料,07-11,http://data.eastmoney.comhttp://data.eastmoney.com/bbsj/002650.html
463,002535,*ST林重,详细,-2.48,10.47亿,-49.26,-34.48,-19.91亿,-1495,-898027,0.982,-111.69,-1.2176,5.21,不分配不转增,机械行业,07-11,http://data.eastmoney.comhttp://data.eastmoney.com/bbsj/002535.html
464,000795,英洛华,详细,0.13,25.13亿,11.51,-0.27,1.43亿,26.75,17.39,2.0276,6.15,0.2358,20.56,不分配不转增,材料行业,07-11,http://data.eastmoney.comhttp://data.eastmoney.com/bbsj/000795.html
465,873469,银杉股份,详细,1.22,2.94亿,21.33,-,2437万,149.74,-,2.7,58.24,0.8297,28.67,不分配不转增,-,07-10,http://data.eastmoney.comhttp://data.eastmoney.com/bbsj/yjbb/873469.html
466,837503,新特电气,详细,0.37,2.71亿,9.74,-,6900万,20.86,-,3.33,11.60,0.1164,43.92,10派1.35,-,07-10,http://data.eastmoney.comhttp://data.eastmoney.com/bbsj/yjbb/837503.html
467,836312,集美新材,详细,0.78,1.56亿,4.58,-,4163万,37.90,-,1.89,39.82,0.819,47.81,10派5.00,-,07-10,http://data.eastmoney.comhttp://data.eastmoney.com/bbsj/yjbb/836312.html
468,832320,大富装饰,详细,-1.3,3942万,-73.58,-,-1.98亿,615.63,-,0.56,-107.22,-0.0404,18.04,不分配不转增,-,07-10,http://data.eastmoney.comhttp://data.eastmoney.com/bbsj/yjbb/832320.html
469,831815,山源科技,详细,0.47,1.31亿,31.00,-,2621万,27.57,-,1.89,26.58,0.2134,58.05,不分配不转增,-,07-10,http://data.eastmoney.comhttp://data.eastmoney.com/bbsj/yjbb/831815.html
470,831359,恒光股份,详细,1.26,6.07亿,-7.89,-,1亿,-22.10,-,5.9115,17.50,1.8518,35.40,10派6.00,-,07-10,http://data.eastmoney.comhttp://data.eastmoney.com/bbsj/yjbb/831359.html
471,300856,科思股份,详细,1.82,11亿,13.23,-,1.54亿,77.16,-,6.4384,32.44,1.8611,30.76,-,化工行业,07-10,http://data.eastmoney.comhttp://data.eastmoney.com/bbsj/300856.html
472,002496,*ST辉丰,详细,-0.33,12.26亿,-51.32,-1.59,-5.04亿,7.84,-169.12,1.8402,-16.66,0.0789,31.66,不分配不转增,农药兽药,07-10,http://data.eastmoney.comhttp://data.eastmoney.com/bbsj/002496.html
473,002225,濮耐股份,详细,0.27,41.4亿,6.48,3.02,2.52亿,13.88,-31.23,2.7393,9.86,0.5556,29.50,10派0.70,材料行业,07-10,http://data.eastmoney.comhttp://data.eastmoney.com/bbsj/002225.html
474,002083,孚日股份,详细,0.41,49.87亿,-3.25,-1.30,3.69亿,-8.96,-104.54,4.0949,10.54,0.6545,19.64,10派1.00,纺织服装,07-10,http://data.eastmoney.comhttp://data.eastmoney.com/bbsj/002083.html
475,873483,福赛尔,详细,0.4902,1211万,507.69,-,246万,78.81,-,1.76,32.27,-0.0447,28.15,-,-,07-09,http://data.eastmoney.comhttp://data.eastmoney.com/bbsj/yjbb/873483.html
476,839737,鸥玛软件,详细,0.61,1.75亿,3.88,135.39,6978万,12.69,520.28,3.81,16.45,0.6207,69.68,10派4.00,-,07-09,http://data.eastmoney.comhttp://data.eastmoney.com/bbsj/yjbb/839737.html
477,839207,雅励股份,详细,0.21,1.89亿,-15.75,-,1075万,-34.37,-,2.65,8.20,0.1383,10.95,不分配不转增,-,07-09,http://data.eastmoney.comhttp://data.eastmoney.com/bbsj/yjbb/839207.html
478,839155,聚塔科技,详细,-0.02,862万,7.73,-,-44.35万,64.16,-,0.96,-2.27,0.0423,36.16,不分配不转增,-,07-09,http://data.eastmoney.comhttp://data.eastmoney.com/bbsj/yjbb/839155.html
479,836149,旭杰科技,详细,0.56,2.84亿,97.20,42.80,1556万,303.98,18.54,2.96,20.98,0.2459,27.91,不分配不转增,-,07-09,http://data.eastmoney.comhttp://data.eastmoney.com/bbsj/yjbb/836149.html
480,835185,贝特瑞,详细,1.53,43.9亿,9.51,-2.90,6.66亿,38.42,23.62,9.38,17.78,1.4212,30.12,10派1.00,-,07-09,http://data.eastmoney.comhttp://data.eastmoney.com/bbsj/yjbb/835185.html
481,833588,九州方园,详细,-0.18,3441万,-22.21,-,-3650万,3.62,-,0.56,-27.85,0.1684,-7.75,不分配不转增,-,07-09,http://data.eastmoney.comhttp://data.eastmoney.com/bbsj/yjbb/833588.html
482,831035,中天利,详细,-0.49,2160万,-14.71,-,-1490万,-1210,-,1.26,-32.54,0.1406,24.42,不分配不转增,-,07-09,http://data.eastmoney.comhttp://data.eastmoney.com/bbsj/yjbb/831035.html
483,688309,恒誉环保,详细,1.0736,2.35亿,-6.64,-,6443万,-18.39,-,3.7781,32.63,-0.8603,45.56,-,环保工程,07-09,http://data.eastmoney.comhttp://data.eastmoney.com/bbsj/688309.html
484,600180,瑞茂通,详细,0.4067,403亿,5.67,53.06,4.13亿,-13.06,25.27,6.0665,6.96,6.9302,7.15,10派1.22,交运物流,07-09,http://data.eastmoney.comhttp://data.eastmoney.com/bbsj/600180.html
485,838898,中宝环保,详细,-0.12,1932万,-36.87,-,-1056万,54.30,-,0.07,-63.26,-0.1788,-6.66,不分配不转增,-,07-08,http://data.eastmoney.comhttp://data.eastmoney.com/bbsj/yjbb/838898.html
486,838263,盈通黑金,详细,-0.8,373万,-1.24,-,-3480万,-390.28,-,0.06,-174.20,0.0474,40.74,不分配不转增,-,07-08,http://data.eastmoney.comhttp://data.eastmoney.com/bbsj/yjbb/838263.html
487,838163,方大股份,详细,0.26,2.42亿,-11.19,17.05,2862万,-16.51,20.62,2.11,12.45,0.3741,27.83,10派1.60,-,07-08,http://data.eastmoney.comhttp://data.eastmoney.com/bbsj/yjbb/838163.html
488,833757,天力锂能,详细,0.88,10.12亿,8.13,-12.93,7140万,75.03,-88.78,7.82,14.94,0.7216,16.04,10派2.50,-,07-08,http://data.eastmoney.comhttp://data.eastmoney.com/bbsj/yjbb/833757.html
489,603996,*ST中新,详细,-6.5,4.91亿,-92.71,-149.54,-19.52亿,-2387,-1797,-1.8281,-456.95,1.058,-14.41,不分配不转增,电子元件,07-08,http://data.eastmoney.comhttp://data.eastmoney.com/bbsj/603996.html
490,600416,*ST湘电,详细,-1.67,52.05亿,-16.04,3.36,-15.79亿,17.41,-122.95,2.7955,-45.68,0.2209,6.99,不分配不转增,机械行业,07-08,http://data.eastmoney.comhttp://data.eastmoney.com/bbsj/600416.html
491,600235,民丰特纸,详细,0.04,13.99亿,-7.85,-7.63,1280万,27.67,34.27,3.6942,0.99,0.1548,16.62,10派0.05,造纸印刷,07-08,http://data.eastmoney.comhttp://data.eastmoney.com/bbsj/600235.html
492,430418,苏轴股份,详细,0.91,4.32亿,4.86,-10.91,6633万,5.14,-7.40,5.1,20.79,0.9561,36.61,10派3.00,-,07-08,http://data.eastmoney.comhttp://data.eastmoney.com/bbsj/yjbb/430418.html
493,002432,九安医疗,详细,0.15,7.06亿,25.25,2.04,6645万,423.77,588.69,3.8413,4.11,-0.101,28.79,不分配不转增,医疗行业,07-08,http://data.eastmoney.comhttp://data.eastmoney.com/bbsj/002432.html
494,873482,金田麦,详细,0.57,2.01亿,-1.57,-,1139万,28.52,-,3.62,12.27,1.8698,32.34,-,-,07-07,http://data.eastmoney.comhttp://data.eastmoney.com/bbsj/yjbb/873482.html
495,873456,联城科技,详细,0.03,5396万,-12.59,-,151万,23.38,-,1.46,2.11,0.0239,18.28,不分配不转增,-,07-07,http://data.eastmoney.comhttp://data.eastmoney.com/bbsj/yjbb/873456.html
496,872695,润涛科技,详细,0.55,6037万,220.88,-,2127万,417.00,-,2.07,30.94,0.0952,44.91,不分配不转增,-,07-07,http://data.eastmoney.comhttp://data.eastmoney.com/bbsj/yjbb/872695.html
497,870728,ST盛鸿,详细,-0.2,6226万,-45.30,-,-605万,-167.69,-,1.05,-17.20,0.0663,20.12,不分配不转增,-,07-07,http://data.eastmoney.comhttp://data.eastmoney.com/bbsj/yjbb/870728.html
498,839167,同享科技,详细,0.67,4.09亿,17.28,27.85,3048万,81.42,-23.38,2.73,27.23,0.0223,16.82,不分配不转增,-,07-07,http://data.eastmoney.comhttp://data.eastmoney.com/bbsj/yjbb/839167.html
499,838971,天马新材,详细,0.41,1.13亿,-10.31,-,1751万,33.30,-,2.68,16.73,-0.284,32.85,不分配不转增,-,07-07,http://data.eastmoney.comhttp://data.eastmoney.com/bbsj/yjbb/838971.html
500,838107,三羊马,详细,1.17,9.2亿,10.94,-,6741万,49.05,-,7.41,16.63,1.8797,14.62,10派3.00,-,07-07,http://data.eastmoney.comhttp://data.eastmoney.com/bbsj/yjbb/838107.html
